link,title,location,price,area,category,direction,floor_num,toilet_num,street,livingroom_num,bedroom_num,liability,status
https://nhadat.cafeland.vn/nha-go-vap-gia-re-nguyen-thai-son-1-tret-2-lau-btct-2248817.html,Nhà Gò Vấp giá rẻ Nguyễn Thái Sơn 1 trệt 2 lầu BTCT.,"Nguyễn Thái Sơn, Phường 3, Quận Gò Vấp, TP. Hồ Chí Minh Lưu tin","~94,8 triệu /m2",39m2,Bán nhà riêng,,3 tầng,3.0,3m,1.0,3 phòng,Sổ hồng,processed
https://nhadat.cafeland.vn/ban-shophouse-novaword-phan-thiet-mat-tien-bien-dep-day-florida-1-2229657.html,Bán shophouse Novaword Phan Thiết Mặt Tiền Biển Đẹp dãy Florida 1,"Hàm Tiến, Phan Thiết, Bình Thuận Lưu tin","~63,3 triệu /m2",120m2,Bán nhà phố dự án,Đông Nam,1 tầng,3.0,20m - 30m,1.0,3 phòng,Hợp đồng,processed
https://nhadat.cafeland.vn/ban-nha-nho-hxh-p3-go-vap-setup-san-chi-can-don-vao-o-ngay-2263699.html,"BÁN NHÀ NHỐ HXH –P.3, GÒ VẤP – SETUP SẴN, CHỈ CẦN DỌN VÀO Ở NGAY","842/1/84, Nguyễn Kiệm, Phường 3, Quận Gò Vấp, TP. Hồ Chí Minh Lưu tin",,360m2,Bán nhà riêng,Đông Nam,3 tầng,3.0,8m,1.0,5 phòng,Sổ hồng,processed
https://nhadat.cafeland.vn/chinh-chu-ban-dat-mt-duong-duyen-hai-long-hoa-can-gio-tphcm-125m25x25-688tr-2271053.html,"Chính chủ bán đất MT Đường Duyên Hải ,Long Hòa Cần Giờ TpHCM 125m2(5x25) 688tr","Duyên Hải, Long Hòa, Huyện Cần Giờ, TP. Hồ Chí Minh Lưu tin","~5,5 triệu /m2",125m2,Bán đất thổ cư,,,,,,,,processed
https://nhadat.cafeland.vn/ban-lo-truc-chinh-du-an-bach-khoa-q9-gia-74-trm2-truc-trong-gia-69trm2-182m2-2233889.html,"Bán lô trục chính dự án Bách Khoa Q9 giá 74 tr/m2, trục trong giá 69tr/m2, 182m2","Liên Phường, Phước Long B, Quận 9, TP. Hồ Chí Minh Lưu tin","~65,9 triệu /m2",182m2,Bán đất thổ cư,Nam,,,10m - 15m,,,Giấy đỏ,processed
https://nhadat.cafeland.vn/chi-2-can-block-a-mat-tien-elysian-gamuda-land-thanh-toan-5-ky-hdmb-ngay-2269749.html,Chỉ 2 căn Block A mặt tiền Elysian (Gamuda Land) thanh toán 5% ký HĐMB ngay,"170, Đường Lò Lu, Trường Thạnh , Quận 9, TP. Hồ Chí Minh Lưu tin","~66,7 triệu /m2",88.67m2,Bán căn hộ chung cư,,,,,,,,processed
https://nhadat.cafeland.vn/can-ho-cao-cap-la-pura-binh-duong-chi-thanh-toan-10-250-trieu-nhan-nha-full-nt-2270629.html,Căn hộ cao cấp La Pura Bình Dương chỉ Thanh toán 10%= 250 triệu nhận nhà full nt,"Bình Hoà, Thuận An, Bình Dương Lưu tin","~3,4 triệu /m2",73m2,Bán nhà riêng,,,,,,,,processed
https://nhadat.cafeland.vn/ban-nha-mat-pho-an-cu-lau-dai-tai-can-duoc-long-an-2271062.html,Bán Nhà Mặt Phố An Cư Lâu Dài tại Cần Đước - Long An,"Trương Định, TT. Cần Đước, Cần Đước, Long An Lưu tin","~26,3 triệu /m2",95m2,Bán nhà riêng,Tây,1 tầng,2.0,4m,1.0,2 phòng,Sổ hồng,processed
https://nhadat.cafeland.vn/top-nha-vi-tri-dep-4-x-20m-1-tret-5-lau-ly-chinh-thang-q3-tphcm-2270499.html,Top nhà vị trí đẹp 4 x 20m 1 trệt 5 lầu Lý Chính Thắng Q3 TP.HCM,"Lý Chính Thắng, Phường 9, Quận 3, TP. Hồ Chí Minh Lưu tin",~250 triệu/m2,80m2,Bán nhà riêng,Đông Bắc,5 tầng,4.0,4m,1.0,6 phòng,Sổ hồng,processed
https://nhadat.cafeland.vn/dat-mat-tien-duong-bui-thi-xuan-gan-nga-tu-chieu-lieu-xay-tu-do-121-tan-binh-2243337.html,"Đất mặt tiền đường Bùi Thị Xuân, gần ngã tư Chiêu Liêu, xây tự do, 121 Tân Bình","Bùi Thị Xuân, Tân Bình, Dĩ An, Bình Dương Lưu tin","~37,3 triệu /m2",99.1m2,Bán đất thổ cư,Bắc,,,15m - 20m,,,Sổ hồng,processed
https://nhadat.cafeland.vn/ban-dat-binh-phuoc-2mt-190tr-lh-0932882968-dan-dong-gan-tinh-lo-2268461.html,"Bán đất Bình Phước 2MT 190TR LH 0932882968, DÂN ĐÔNG GẦN TỈNH LỘ","Minh Lập, Chơn Thành, Bình Phước Lưu tin","~59,375/m2",3200m2,Bán đất thổ cư,,,,,,,,processed
https://nhadat.cafeland.vn/hqc-hoc-mon-gia-1-ty-200trieu-can-65m2-co-2pn2-tolet-tang-thapnhan-nha-o-ngay-2254053.html,"HQC HÓC MÔN giá 1 tỷ 200triệu căn 65m2 có 2pn,2 tolet TẦNG THẤP,nhận nhà ở ngay","Nguyễn Thị Sóc, Xuân Thới Đông, Huyện Hóc Môn , TP. Hồ Chí Minh Lưu tin","~18,4 triệu /m2",65m2,Bán căn hộ chung cư,,,,,,,,processed
https://nhadat.cafeland.vn/chi-can-500-trieu-so-huu-can-ho-trieu-do-giua-long-tp-thu-duc-2270724.html,Chỉ Cần 500 Triệu – Sở Hữu Căn Hộ Triệu Đô Giữa Lòng Tp. Thủ Đức,"Mai Chí Thọ, An Phú, Quận 2, TP. Hồ Chí Minh Lưu tin","~2,1 triệu /m2",49.14m2,Bán căn hộ chung cư,,,1.0,,1.0,1 phòng,,processed
https://nhadat.cafeland.vn/ban-can-ho-ngay-bach-dang-cau-song-han-khu-nguoi-han-tai-da-nangz-2270772.html,BÁN CĂN HỘ NGAY BẠCH ĐẰNG - CẦU SÔNG HÀN- KHU NGƯỜI HÀN TẠI ĐÀ NĂNGZ,"Thạch Thang, Hải Châu, TP. Đà Nẵng Lưu tin",~96 triệu /m2,50m2,Bán căn hộ chung cư,,,,,,,,processed
https://nhadat.cafeland.vn/chi-32-ty-so-huu-can-ho-view-bien-ngam-phao-hoa-giua-trung-tam-da-nang-2271005.html,CHỈ 3.2 TỶ SỞ HỮU CĂN HỘ VIEW BIỂN NGẮM PHÁO HOA GIỮA TRUNG TÂM ĐÀ NẴNG,"Thạch Thang, Hải Châu, TP. Đà Nẵng Lưu tin",~64 triệu /m2,50m2,Bán nhà riêng,,,,,,,,processed
https://nhadat.cafeland.vn/dat-nha-ban-gap-760m2-tho-cu-gan-ql-14-sat-cho-trhoc-dan-dong-gia-210trso-2271000.html,"ĐẤT NHÀ BÁN GẤP 760M2 THỔ CƯ GẦN QL 14 SÁT CHỢ, TR.HỌC DÂN ĐÔNG. GIÁ 210TR/SỔ","Minh Hưng, Chơn Thành, Bình Phước Lưu tin",~276 nghìn/m2,760m2,Bán đất thổ cư,,,,,,,,processed
https://nhadat.cafeland.vn/hiem-mat-ten-khu-38-ha-tan-thoi-nhat-quan-12-ban-nha-42m-x-20m-4-tang-btct-2270282.html,HIẾM - MẶT TỀN -KHU 38 HA TÂN THỚI NHẤT-QUẬN 12 -BÁN NHÀ 4.2M X 20M- 4 TẦNG BTCT,"Tân Thới Nhất, Quận 12, TP. Hồ Chí Minh Lưu tin",~117 triệu/m2,84m2,Bán nhà riêng,,4 tầng,6.0,10m - 15m,1.0,5 phòng,Sổ hồng,processed
https://nhadat.cafeland.vn/eco-retreat-ban-shopvilla-dinh-thu-dao-can-ho-gia-cdt-bank-0902413541-2270983.html,ECO RETREAT- BÁN SHOPVILLA - DINH THỰ ĐẢO - CĂN HỘ GIÁ CĐT - BANK - 0902413541,"Đường nguyễn hữu trí, Thanh Phú, Bến Lức, Long An Lưu tin","~83,9 triệu /m2",274m2,Bán biệt thự,Không xác định,3 tầng,3.0,30m - 50m,1.0,4 phòng,Sổ hồng,processed
https://nhadat.cafeland.vn/ban-nha-4-tang-102m2-duong-pham-the-hien-quan-8-gia-nhinh-7-ty-2270161.html,"Bán nhà 4 tầng 102m2 đường Phạm thế Hiển, Quận 8 giá nhỉnh 7 tỷ","Phường 5, Quận 8, TP. Hồ Chí Minh Lưu tin","~68,6 triệu /m2",102m2,Bán nhà riêng,,,,,,,,processed
https://nhadat.cafeland.vn/ban-nha-dep-2-mat-tien-tran-ke-xuong-phu-nhuan-ngay-cv-phu-nhuan-phan-dang-luu-2268404.html,"Bán Nhà Đẹp 2 Mặt Tiền Trần Kế Xương Phú Nhuận ngay CV Phú Nhuận, Phan Đăng Lưu","Trần Kế Xương, Phường 7, Quận Phú Nhuận, TP. Hồ Chí Minh Lưu tin",~177 triệu/m2,89m2,Bán nhà riêng,,,,,,,,processed
https://nhadat.cafeland.vn/cc-ban-nhanh-cap-day-tro-gan-cho-binh-chanh-gia-ngop-990tr-2270411.html,CC bán nhanh cặp dãy trọ gần chợ Bình Chánh giá ngộp 990tr,"Bình Chánh, Huyện Bình Chánh, TP. Hồ Chí Minh Lưu tin","~3,3 triệu /m2",300m2,Bán nhà riêng,,,,,,,,processed
https://nhadat.cafeland.vn/mo-ban-nha-pho-mat-bien-khanh-hoa-moi-chiet-khau-cao-len-den-11-2270677.html,MỞ BÁN NHÀ PHỐ MẶT BIỂN KHÁNH HÒA MỚI - CHIẾT KHẤU CAO LÊN ĐẾN 11%,"Đường 16/4, Mỹ Bình, Phan Rang - Tháp Chàm, Ninh Thuận Lưu tin",~170 nghìn/m2,100m2,Bán nhà riêng,,,,,,,,processed
https://nhadat.cafeland.vn/duong-lang-dong-da-100m-4t-mt-49m-gia-174-ty-nha-mat-ngo-kinh-doanh-2270671.html,"ĐƯỜNG LÁNG, ĐỐNG ĐA: 100M - 4T - MT: 4,9m giá 17,4 tỷ - NHÀ MẶT NGÕ , KINH DOANH","22/5, Láng, Láng Thượng, Đống Đa, Hà Nội Lưu tin",~174 nghìn/m2,100m2,Bán nhà riêng,Đông Bắc,4 tầng,5.0,2m,1.0,4 phòng,Chủ quyền tư nhân,processed
https://nhadat.cafeland.vn/anh-chin-binh-tan-sang-day-tro-10-phong-gia-1ty8-qui-duc-binh-chanh-2270635.html,"Anh Chín Bình Tân sang dãy trọ 10 phòng giá 1ty8, Qui Đức-Bình Chánh.","Bùi Văn Sự, Qui Đức, Huyện Bình Chánh, TP. Hồ Chí Minh Lưu tin","~6,3 triệu /m2",227m2,Bán nhà riêng,,,,,,,,processed
https://nhadat.cafeland.vn/biet-phu-mat-tien-xac-dinh-ban-dat-650m2-3-tang-hoang-quoc-viet-quan-7-2270247.html,"Biệt phủ mặt tiền , xác định bán đất 650m2, 3 tầng, Hoàng Quốc Việt , Quận 7.","Hoàng Quốc Việt, Phú Thuận, Quận 7, TP. Hồ Chí Minh Lưu tin",~133 triệu/m2,650m2,Bán biệt thự,,3 tầng,6.0,20m - 30m,1.0,4 phòng,Sổ hồng,processed
https://nhadat.cafeland.vn/ban-dat-view-dep-ho-cai-bang-bao-lam-gia-sieu-tot-dt-10279m2-200m2-tho-cu-2270495.html,"Bán đất view đẹp hồ Cái Bảng, Bảo Lâm giá siêu tốt, DT 10279m2 (200m2 thổ cư)","TT. Lộc Thắng, Bảo Lâm, Lâm Đồng Lưu tin",~729 triệu/m2,10.279m2,Bán đất thổ cư,,,,,,,,processed
https://nhadat.cafeland.vn/chung-cu-cao-cap-masteri-trinity-square-2270540.html,chung cư cao cấp masteri trinity square,"Nghĩa Trụ, Văn Giang, Hưng Yên Lưu tin",,58.8m2,Bán căn hộ chung cư,,,,,,,,processed
https://nhadat.cafeland.vn/ban-can-lien-ke-palmy-biztown-80m2-gia-chi-151-trieum2-2270330.html,Bán căn liền kề Palmy Biztown – 80m² – Giá chỉ 151 triệu/m²,"Đường Phan Trọng Tuệ, Thanh Liệt, Thanh Trì, Hà Nội Lưu tin","~1,8 triệu /m2",80m2,Bán biệt thự,,,,,,,,processed
https://nhadat.cafeland.vn/sang-ten-can-goc-palmy-biztown-gan-ga-ngoc-hoi-80m2-gia-chi-146trm2-2270329.html,Sang tên căn góc Palmy Biztown – Gần ga Ngọc Hồi – 80m² – Giá chỉ 146tr/m2,"Đường Phan Trọng Tuệ, Thanh Liệt, Thanh Trì, Hà Nội Lưu tin","~1,8 triệu /m2",80m2,Bán biệt thự,,,,,,,,processed
https://nhadat.cafeland.vn/21x48-duong-o-to-chi-390tr-so-san-2256168.html,"21x48, đường ô tô chỉ 390tr sổ sẵn","ĐT 839, Mỹ Thạnh Đông, Đức Huệ, Long An Lưu tin",~390 nghìn/m2,1000m2,"Bán đất nông, lâm nghiệp",,,,,,,,processed
https://nhadat.cafeland.vn/ban-chdv-ngang-9m-duong-pham-van-dong-qgo-vap-hd-thue-89-trgia-259-ty-2270281.html,"Bán CHDV ngang 9m, Đường Phạm Văn Đồng - Q.Gò Vấp ,HD thuê 121 tr,giá 25.9 tỷ","Phạm Văn Đồng, Phường 1, Quận Gò Vấp, TP. Hồ Chí Minh Lưu tin",~287 triệu/m2,90m2,Bán nhà riêng,,,,,,,,processed
https://nhadat.cafeland.vn/ban-nha-mat-tien-duong-so-1-cityland-center-hill-dt-5x18m-4pn-183-ty-2270213.html,"BÁN NHÀ MẶT TIỀN ĐƯỜNG SỐ 1 - CITYLAND CENTER HILL,– DT: 5x18m – 4PN – 18.3 TỶ","Đường số 1, Phường 7, Quận Gò Vấp, TP. Hồ Chí Minh Lưu tin",~203 triệu/m2,90m2,Bán biệt thự,,,,,,,,processed
https://nhadat.cafeland.vn/ban-dat-mat-tien-duong-nhua-dien-tich-khung-1-to-ky-xa-tan-xuan-hoc-mon-2234106.html,"BÁN ĐẤT MẶT TIỀN ĐƯỜNG NHỰA DIỆN TÍCH KHỦNG 1/ TÔ KÝ , XÃ TÂN XUÂN , HÓC MÔN","Tô Ký, Tân Xuân, Huyện Hóc Môn , TP. Hồ Chí Minh Lưu tin","~14,1 triệu /m2",1270.3m2,Bán đất thổ cư,,,,10m - 15m,,,Sổ hồng,processed
https://nhadat.cafeland.vn/ban-nha-ngay-vong-xoay-an-lac-dt-8-x23m-vuong-a4-xe-cintainer-do-cua-gia-132-ty-2257255.html,BÁN NHÀ NGAY VÒNG XOAY AN LẠC DT 8 X23M VUÔNG A4 XE CINTAINER ĐỔ CỬA GIÁ 13.2 Ty,"Kinh Dương Vương, An Lạc, Quận Bình Tân, TP. Hồ Chí Minh Lưu tin","~70,9 triệu /m2",186m2,Bán nhà riêng,,,,,,,,processed
https://nhadat.cafeland.vn/nha-ngang-hon-5m-80m2-8pn6wc-hem-thang-xe-hoi-vao-nha-ket-cau-con-moi-dep-2270069.html,"Nhà ngang hơn 5m, 80m2, 8pn6wc, hẻm thẳng xe hơi vào nhà, kết cấu còn mới, đẹp","Lê Văn Sỹ, Phường 13, Quận 3, TP. Hồ Chí Minh Lưu tin",~250 triệu/m2,80m2,Bán nhà riêng,,,6.0,6m,,8 phòng,Giấy tờ hợp lệ,processed
https://nhadat.cafeland.vn/ban-nha-2-tang-dep-trung-tam-phuong-vo-cuong-tp-bac-ninh-gia-sieu-re-chi-5x-2269798.html,bán nhà 2 tầng đẹp trung tâm phường võ cường / tp Bắc ninh giá siêu rẻ chỉ 5.x,"Võ Cường, TP. Bắc Ninh, Bắc Ninh Lưu tin","~77,4 triệu /m2",71m2,Bán nhà riêng,,,,,,,,processed
https://nhadat.cafeland.vn/sieu-pham-le-trong-tan-hxh-5m-khu-cao-tang-4-tang-moi-full-noi-that-2269920.html,SIÊU PHẨM LÊ TRỌNG TẤN HXH 5M - KHU CAO TẦNG - 4 TẦNG MỚI FULL NỘI THẤT,"Lê Trọng Tấn, Tây Thạnh , Quận Tân Phú, TP. Hồ Chí Minh Lưu tin",~131 triệu/m2,45m2,Bán nhà riêng,,4 tầng,4.0,5m,1.0,4 phòng,Sổ hồng,processed
https://nhadat.cafeland.vn/mo-ban-du-an-economy-city-van-lam-co-hoi-dau-tu-phia-nam-ha-noi-2262935.html,Mở bán dự án Economy City Văn Lâm - cơ hội đầu tư phía nam Hà Nội!,"Như Quỳnh, Văn Lâm, Hưng Yên Lưu tin",~118 triệu/m2,80m2,Bán biệt thự,,,,,,,,processed
https://nhadat.cafeland.vn/gio-hang-diamond-celadon-city-mua-truc-tiep-tu-cdt-thanh-toan-20-nhan-nha-2252161.html,Giỏ hàng Diamond - Celadon City mua trực tiếp từ CĐT thanh toán 20% nhận nhà,"Sơn Kỳ, Quận Tân Phú, TP. Hồ Chí Minh Lưu tin","~74,3 triệu /m2",121m2,Bán nhà riêng,,,,,,,,processed
https://nhadat.cafeland.vn/building-karaoke-studio-trung-tam-q7-1h6tngang-10mx20m120tylh-0906979786-2268782.html,"BUILDING KARAOKE & STUDIO TRUNG TÂM Q7, 1H,6T,NGANG 10MX20M,120TỶ,LH 0906979786","82, Tân Mỹ, Tân Phú, Quận 7, TP. Hồ Chí Minh Lưu tin",~600 triệu/m2,200m2,Bán nhà hàng - Khách sạn,,,,,,,,processed
https://nhadat.cafeland.vn/nha-dep-go-vap-mat-tien-duong-so-6-ngang-5m-dai-9m-tret-lau-hc-du-2242911.html,Nhà đẹp Gò Vấp mặt tiền đường số 6 ngang 5m dài 9m trêt lau HC đủ.,"Đường số 6, Phường 5, Quận Gò Vấp, TP. Hồ Chí Minh Lưu tin",~115 triệu/m2,44m2,Bán nhà riêng,,1 tầng,2.0,8m,1.0,3 phòng,Sổ hồng,processed
https://nhadat.cafeland.vn/chi-khach-vung-tau-de-thuong-gui-mieng-dat-2ty3-mtduong-so-21bbtd-b-binh-tan-2151073.html,"Chị khách Vũng Tàu dễ thương gửi miếng đất 2tỷ3 MTđường số 21B,BTĐ B ,Bình Tân","Bình Trị Đông B, Quận Bình Tân, TP. Hồ Chí Minh Lưu tin","~19,1 triệu /m2",120m2,Bán đất thổ cư,,,,,,,Sổ hồng,processed
https://nhadat.cafeland.vn/nha-duong-49-p-tan-quy-q7-dt-8x18m-gia-24ty-tl-2257017.html,"Nhà đường 49 p tân quy Q7, Dt 8x18m giá 24tỷ TL","Đường Số 49, Tân Quy, Quận 7, TP. Hồ Chí Minh Lưu tin",~166 triệu/m2,144m2,Bán nhà riêng,,,,,,,,
https://nhadat.cafeland.vn/ban-buong-duoi-thu-hoi-von-5-shr27x501329m2-395-trieusmt-ql14-vao-900m-2270591.html,"BÁN BUÔNG ĐUÔI, THU HỒI VỐN ,5 SHR(27X50=1.329m2 )395 TRIỆU/S,MT ql14 VÀO 900M","Quốc lộ 14, Minh Lập, Chơn Thành, Bình Phước Lưu tin",~297 nghìn/m2,1329m2,Bán đất thổ cư,,,,,,,,
https://nhadat.cafeland.vn/ban-lo-biet-thu-truc-chinh-hoang-anh-minh-tuan-q9-cach-do-xuan-hop-80m-so-do-2242738.html,"Bán lô biệt thự trục chính Hoàng Anh Minh Tuấn Q9, cách Đỗ Xuân Hợp 80m, sổ đỏ","Đỗ Xuân Hợp, Phước Long B, Quận 9, TP. Hồ Chí Minh Lưu tin",~432 nghìn/m2,250m2,Bán đất thổ cư,,,,,,,,
https://nhadat.cafeland.vn/nha-dep-hem-dep-khu-phan-lo-tri-thuc-o-cuc-thich-huong-dong-nam-mat-me-2270465.html,NHÀ ĐẸP - HẺM ĐẸP - KHU PHÂN LÔ TRI THỨC Ở CỰC THÍCH - HƯỚNG ĐÔNG NAM MÁT MẺ,"Phường 13, Bình Thạnh, TP. Hồ Chí Minh Lưu tin",,,Bán nhà riêng,,,,,,,,
https://nhadat.cafeland.vn/nha-mat-tien-trung-tam-da-nang5-phong-ngu2-loi-di-76m2-x-25-tang-11ty800tr-2268589.html,"Nhà mặt tiền trung tâm Đà Nẵng,5 phòng ngủ,2 lối đi, 76m2 x 2,5 tầng, 11tỷ800tr!","361, Hoàng Diệu, Bình Thuận, Hải Châu, TP. Đà Nẵng Lưu tin",~155 triệu/m2,76m2,Bán nhà riêng,Tây Bắc,2 tầng,3.0,10m,1.0,5 phòng,Sổ hồng,
https://nhadat.cafeland.vn/co-hoi-so-huu-can-ho-cao-cap-tai-trung-tam-binh-duong-chi-voi-10-2270763.html,Cơ hội sở hữu căn hộ cao cấp tại trung tâm Bình Dương chỉ với 10%,"Bình Hoà, Thuận An, Bình Dương Lưu tin",,49m2,Bán căn hộ chung cư,,,,,,,,
https://nhadat.cafeland.vn/dat-gan-cho-di-an-2-185m-ngang-5m-full-tho-cu-hem-2-o-to-tranh-nhau-2171-2266314.html,"Đất gần chợ Dĩ An 2, 185m ngang 5m full thổ cư, hẻm 2 ô tô tránh nhau, 2171","Nguyễn tri phương, Trị trấn Dĩ An, Dĩ An, Bình Dương Lưu tin","~29,1 triệu /m2",185m2,Bán đất thổ cư,Tây,,,10m - 15m,,,Sổ hồng,
https://nhadat.cafeland.vn/nha-hem-xe-hoi-74m2-ngang-hon-4m-5pn6wc-khu-vuc-an-ninh-gan-cac-tien-ich-2271061.html,"Nhà hẻm xe hơi, 74m2, ngang hơn 4m, 5pn6wc, khu vực an ninh. Gần các tiện ích.","Tô Hiến Thành, Phường 15, Quận 10, TP. Hồ Chí Minh Lưu tin",~250 triệu/m2,74m2,Bán nhà riêng,,,6.0,,,5 phòng,Giấy tờ hợp lệ,
https://nhadat.cafeland.vn/sang-nhuong-dat-tho-cu-100-5x20m-100m2-kdc-binh-an-thu-thua-long-an-2270621.html,"SANG NHƯỢNG ĐẤT THỔ CƯ 100% – 5x20M (100m²) – KDC BÌNH AN, THỦ THỪA, LONG AN","Bình An, Thủ Thừa, Long An Lưu tin",~11 triệu /m2,100m2,Bán đất thổ cư,,,,,,,Sổ hồng,
https://nhadat.cafeland.vn/chuyen-nhuong-151225-m2-dat-kim-cuong-mat-bien-binh-son-ninh-thuan-2271027.html,"Chuyển nhượng 1.512,25 m² đất kim cương mặt biển Bình Sơn, Ninh Thuận","Mỹ Bình, Phan Rang - Tháp Chàm, Ninh Thuận Lưu tin","~46,296/m2",1512m2,Bán biệt thự,,,,,,,,
https://nhadat.cafeland.vn/dat-nen-tp-vi-thanh-hau-giang-dau-tu-dat-nen-hau-giang-ke-ben-tinh-uy-hau-giang-2258342.html,"Đất nền TP Vị Thanh Hậu Giang, Đầu tư đất nền Hậu Giang kề bên Tỉnh Uỷ Hậu Giang","Võ Nguyên Giáp, 4, Vị Thanh, Hậu Giang Lưu tin",~126 nghìn/m2,95m2,Bán đất nền dự án,,,,15m - 20m,,,Sổ hồng,
https://nhadat.cafeland.vn/sieu-pham-can-ho-the-filmore-view-song-han-cau-rong-ck-hon-135-da-ban-giao-nha-2247959.html,Siêu phẩm căn hộ The Filmore view sông Hàn cầu Rồng ck hơn 13.5 %đã bàn giao nhà,"Bạch Đằng, Bình Thuận, Hải Châu, TP. Đà Nẵng Lưu tin","~87,5 triệu /m2",80m2,Bán căn hộ chung cư,,16 tầng,2.0,30m - 50m,1.0,2 phòng,Sổ hồng,
https://nhadat.cafeland.vn/chi-100-trm2-nha-hxh-793-tran-xuan-soan-kieu-dam-q7223m2-3-lau219-ty-2269027.html,"Chỉ 100 tr/m2, nhà HXH 793 Trần Xuân Soạn -Kiều Đàm Q.7,223m2 ,3 lầu,21.9 tỷ","Trần Xuân Soạn, Tân Hưng, Quận 7, TP. Hồ Chí Minh Lưu tin","~98,2 triệu /m2",223m2,Bán biệt thự,,,,,,,,
https://nhadat.cafeland.vn/ban-can-ho-4-pn-phu-my-hung-quan-7-2266274.html,"Bán căn hộ 4 PN , Phú Mỹ Hưng quận 7","Tân Phong, Quận 7, TP. Hồ Chí Minh Lưu tin","~43,6 triệu /m2",172m2,Bán căn hộ chung cư,,,3.0,,1.0,4 phòng,Sổ hồng,
https://nhadat.cafeland.vn/ban-shophouse-mat-tien-duong-60m-du-an-tt-city-millennia-150m2-gia-86-ty-2269022.html,"Bán Shophouse mặt tiền đường 60m dự án T&T City Millennia, 150m2 , giá 8.6 tỷ","DT 826E, Long Hậu, Cần Giuộc, Long An Lưu tin","~57,3 triệu /m2",150m2,Bán nhà phố dự án,,4 tầng,5.0,50m - 70m,1.0,7 phòng,Hợp đồng,
https://nhadat.cafeland.vn/quan-11-mat-tien-pho-co-dieu-phuong-6-120m2-3-tang-34-ty-thuong-luong-2271010.html,"Quận 11, Mặt tiền Phó Cơ Điều, phường 6, 120m2, 3 tầng, 34 tỷ thương lượng","Phó Cơ Điều, Phường 6, Quận 11, TP. Hồ Chí Minh Lưu tin",~283 triệu/m2,120m2,Bán nhà riêng,,3 tầng,3.0,,1.0,4 phòng,Sổ hồng,
https://nhadat.cafeland.vn/nha-5-tang-btct-331m2-ngang-552m-hem-42m-le-van-sy-78-ty-2270293.html,"Nhà 5 tầng BTCT - 33,1m2 (ngang 5,52m) - hẻm 4,2m Lê Văn Sỹ. 7,8 tỷ","Lê Văn Sỹ, Phường 12, Quận 3, TP. Hồ Chí Minh Lưu tin",~235 triệu/m2,33.1m2,Bán nhà riêng,,5 tầng,4.0,,1.0,3 phòng,Sổ hồng,
https://nhadat.cafeland.vn/ban-nha-rong-hem-to-gia-re-2-mat-tien-dt-khung-167m2-5-tang-trung-lang-tan-binh-2269770.html,BÁN NHÀ RỘNG-HẺM TO-GIÁ RẺ-2 MẶT TIỀN -DT KHỦNG 167M2-5 TẦNG-TRUNG LANG-TÂN BÌNH,"Trung Lang, Phường 12, Quận Tân Bình, TP. Hồ Chí Minh Lưu tin",~133 triệu/m2,167m2,Bán nhà riêng,,5 tầng,,6m,1.0,4 phòng,Sổ hồng,
https://nhadat.cafeland.vn/ban-dat-duong-dong-thanh-hoa-thanh-1tx-binh-minh-2089412.html,"Bán đất đường Đông Thành-Hóa Thành 1,TX. Bình Minh","Đông Thành, Bình Minh, Vĩnh Long Lưu tin","~2,9 triệu /m2",98.1m2,Bán đất thổ cư,Đông,,,3m,,,Sổ hồng,
https://nhadat.cafeland.vn/cdt-tung-ro-hang-ban-biet-thu-don-song-san-bay-gia-binh-sl-co-han-so-lau-dai-2270962.html,"CĐT tung rổ hàng bán biệt thự, đón sóng sân bay Gia Bình, SL có hạn, sổ lâu dài","Phù Chẩn, Từ Sơn, Bắc Ninh Lưu tin","~62,7 triệu /m2",180m2,Bán biệt thự,Nam,,,15m - 20m,,,Sổ hồng,
https://nhadat.cafeland.vn/tho-cu-1254-m2-kdc-bo-cong-anview-song-nguyen-huu-tho-phuoc-kiennha-be-2267526.html,"THỔ CƯ ,125,4 M2 ,KDC BỘ CÔNG AN,VIEW SÔNG ,NGUYỄN HỮU THỌ ,PHƯỚC KIỂN,NHÀ BÈ","Nguyễn Hữu Thọ , Phước Kiển, Huyện Nhà Bè, TP. Hồ Chí Minh Lưu tin","~78,5 triệu /m2",125.4m2,Bán đất thổ cư,,,,20m - 30m,,,Sổ hồng,
https://nhadat.cafeland.vn/ban-can-ho-dich-vu-thu-nhap-100trth-137m2-5-tang-thang-may-xe-tai-vao-nha-2270940.html,BÁN CĂN HỘ DỊCH VỤ THU NHẬP 100tr/th - 137m2 5 Tầng Thang Máy. Xe tải vào nhà,"Tống Văn Hên, Phường 15, Quận Tân Bình, TP. Hồ Chí Minh Lưu tin",~137 triệu/m2,137m2,"Bán căn hộ Mini, Dịch vụ",,5 tầng,13.0,6m,13.0,13 phòng,Sổ hồng,
https://nhadat.cafeland.vn/hoa-chi-ban-gia-cdt-sieu-re-lk-pho-di-bo-sun-ha-nam-125trm2-56-60m2-ck-20-htls-2257543.html,Hoa chỉ bán giá CĐT siêu rẻ LK phố đi bộ Sun Hà Nam 125tr/m2 56 60m2 CK 20% HTLS,"đường Lê công Thanh, Lam Hạ, Phủ Lý, Hà Nam Lưu tin","~92,8 triệu /m2",56m2,Bán nhà hàng - Khách sạn,,,,,,,,
https://nhadat.cafeland.vn/ban-nha-chdv-thu-nhap-tot-duong-xe-tai-au-co-tan-binh-117m2-70trth-13-ty-2269212.html,Bán nhà CHDV thu nhập tốt đường xe tải Âu Cơ Tân Bình - 117m2 - 70tr/th - 13 tỷ,"Âu Cơ, Phường 9, Quận Tân Bình, TP. Hồ Chí Minh Lưu tin",~117 triệu/m2,117m2,Bán nhà riêng,,,,,,,,
https://nhadat.cafeland.vn/gio-hang-du-an-lavida-vung-tau-nha-pho-biet-thu-gia-sieu-tot-chi-tu-54-t-2270909.html,GIỎ HÀNG DỰ ÁN LAVIDA VŨNG TÀU – Nhà Phố & Biệt Thự GIÁ SIÊU TỐT CHỈ TỪ 5.4 T,"Đường 3/2, Phường 12, Vũng Tàu, Bà Rịa - Vũng Tàu Lưu tin","~62,6 triệu /m2",87m2,Bán nhà phố dự án,,,,,,,,
https://nhadat.cafeland.vn/ban-toa-chdv-5-tang-thu-70tr-moi-thang-duong-van-kiep-ngay-khu-phan-xich-long-2270881.html,Bán Toà CHDV 5 Tầng Thu 70tr Mỗi Tháng Đường Vạn Kiếp Ngay Khu Phan Xích Long,"Vạn Kiếp, Phường 1, Bình Thạnh, TP. Hồ Chí Minh Lưu tin",~166 triệu/m2,83m2,Bán nhà riêng,,,,,,,,
https://nhadat.cafeland.vn/the-felix-du-an-thanh-pho-tren-cay-can-ho-cho-gioi-tre-2270801.html,The Felix - Dự án thành phố trên cây . Căn hộ cho giới trẻ,"Đường Bùi Hữu Nghĩa, Bình Hoà, Thuận An, Bình Dương Lưu tin",~566 nghìn/m2,60m2,Bán căn hộ chung cư,,,2.0,,1.0,2 phòng,,
https://nhadat.cafeland.vn/ban-lo-dat-gan-kdc-phu-sinh-gia-tam-4trm-dat-tho-cu-2270800.html,"bán lô đất gần kdc Phú Sinh, giá tầm 4tr/m đất thổ cư","Lục Viên, Đức Lập Hạ, Đức Hòa, Long An Lưu tin","~4,1 triệu /m2",386m2,Bán đất thổ cư,,,,,,,,
https://nhadat.cafeland.vn/dat-nen-du-an-kdt-dic-victory-city-vi-thanh-hau-giang-so-hong-11-tylo-2265608.html,"Đất nền dự án KĐT DIC Victory City, Vị Thanh, Hậu Giang, sổ hồng 1,1 tỷ/lô","4, Vị Thanh, Hậu Giang Lưu tin","~11,5 triệu /m2",95m2,Bán đất nền dự án,,,,,,,,
https://nhadat.cafeland.vn/ban-lo-dat-duong-nhua-19mngay-khu-cong-nghiep-345-ha-2270704.html,BÁN LÔ ĐẤT ĐƯỜNG NHỰA 19MNGAY KHU CÔNG NGHIỆP 345 HA,"11 12 13 14 15 16 17 18 19 20 21 22 25, Long Bình, Phú Riềng, Bình Phước Lưu tin",~Thương lượng/m2,300m2,Bán đất thổ cư,Tây,,,15m - 20m,,,Sổ hồng,
https://nhadat.cafeland.vn/ban-nha-quan-6-ngay-khu-am-thuc-tien-kinh-doanh-da-nghanh-135-t-2270686.html,Bán nhà quận 6 - Ngay khu ẩm thực tiện kinh doanh đa nghành 13.5 T,"Phường 13, Quận 6, TP. Hồ Chí Minh Lưu tin",~132 triệu/m2,102m2,Bán nhà riêng,,,,,,,,
https://nhadat.cafeland.vn/cc-ban-gap-day-tro-duc-hoa-long-an-gia-ngop-1-ty-500-2270659.html,CC bán gấp dãy trọ Đức Hòa - Long An giá ngộp 1 tỷ 500,"Đức Hoà Đông, Đức Hòa, Long An Lưu tin","~2,1 triệu /m2",695m2,Bán nhà riêng,,1 tầng,38.0,,,38 phòng,Sổ hồng,
https://nhadat.cafeland.vn/nha-tan-ky-tan-quy-57m2-3-tang-o-to-vao-tan-cua-gia-nhinh-6-ty-2270660.html,NHÀ TÂN KỲ TÂN QUÝ - 57M2- 3 TẦNG - Ô TÔ VÀO TẬN CỬA- GIÁ NHỈNH 6 TỶ.,"Tân Kỳ Tân Quý, Sơn Kỳ, Quận Tân Phú, TP. Hồ Chí Minh Lưu tin",~107 triệu/m2,57m2,Bán nhà riêng,,3 tầng,3.0,6m,1.0,3 phòng,Sổ hồng,
https://nhadat.cafeland.vn/ra-mat-eco-retreat-rung-retreat-cua-rieng-ban-nsl-eco-park-lh-0902413541-2263441.html,RA MẮT ECO RETREAT- RỪNG RETREAT CỦA RIÊNG BẠN - NSL ECO PARK- LH 0902413541,"Đường nguyễn hữu trí, Thanh Phú, Bến Lức, Long An Lưu tin",~105 triệu/m2,190m2,Bán biệt thự,Không xác định,4 tầng,4.0,20m - 30m,1.0,3 phòng,Sổ hồng,
https://nhadat.cafeland.vn/biet-thu-mt-nguyen-van-thu-vs-mac-dinh-chi-ngang-85m-4-tang-88-ty-2270617.html,"BIỆT THỰ MT NGUYỄN VĂN THỦ VS MẠC ĐỈNH CHI- NGANG 8,5M- 4 TẦNG- 88 TỶ","Nguyễn Văn Thủ, Đa Kao, Quận 1, TP. Hồ Chí Minh Lưu tin",~715 triệu/m2,123m2,Bán biệt thự,,,,,,,,
https://nhadat.cafeland.vn/tuyet-pham-tan-co-dien-2729m2-4-lau-hoan-cong-phuong-lai-thieu-thanh-pho-thuana-2266769.html,tuyệt phẩm Tân cổ Điển 272.9m2 4 lầu Hoàn công phường lái thiêu thành phố Thuạna,"Cách Mạng Tháng Tám, Lái Thiêu, Thuận An, Bình Dương Lưu tin","~58,6 triệu /m2",273m2,Bán biệt thự,,,,,,,,
https://nhadat.cafeland.vn/ban-nha-phuong-3-quan-go-vap-nguyen-thai-son-1-tret-2-lau-btct-2248868.html,"Bán nhà Phường 3, Quận Gò Vấp Nguyễn Thái Sơn 1 trệt 2 lầu BTCT.","Phường 3, Quận Gò Vấp, TP. Hồ Chí Minh Lưu tin","~89,7 triệu /m2",39m2,Bán nhà riêng,,3 tầng,3.0,3m,1.0,2 phòng,Sổ hồng,
https://nhadat.cafeland.vn/ban-nha-mt-phu-nhuan-phung-van-cung-ngang-4m-dai-8m-tret-lung-lau-hc-du-2268085.html,Bán nhà MT Phú Nhuận Phùng Văn Cung ngang 4m dài 8m trệt lững lầu HC đủ.,"Phùng Văn Cung, Phường 4, Quận Phú Nhuận, TP. Hồ Chí Minh Lưu tin",~137 triệu/m2,32m2,Bán nhà riêng,,3 tầng,2.0,6m,1.0,2 phòng,Sổ hồng,
https://nhadat.cafeland.vn/nha-8x21m-mat-tien-duong-so-15-ptan-kieng-quan-7-2216135.html,Nhà 8X21M Mặt Tiền Đường Số 15 .P.tân Kiểng Quận 7,"Đường 15, Tân Kiểng, Quận 7, TP. Hồ Chí Minh Lưu tin",~281 triệu/m2,160m2,Bán nhà phố dự án,Nam,1 tầng,1.0,10m - 15m,1.0,1 phòng,Sổ hồng,
https://nhadat.cafeland.vn/nha-goc-2-mat-tien-duong-nguyen-huu-tho-kdc-kim-son-quan-7-2244761.html,Nhà Góc 2 Mặt Tiền Đường Nguyễn Hữu Thọ - Kdc Kim Sơn Quận 7,"góc 2 MT, Nhuyễn Hữu Thọ, Tân Phong, Quận 7, TP. Hồ Chí Minh Lưu tin",~384 triệu/m2,91m2,Bán nhà phố dự án,,,,,,,,
https://nhadat.cafeland.vn/nha-dat-6x20m-12x20m-khu-tan-quy-dong-phuong-tan-phong-quan-7-2188563.html,Nhà - đất 6x20m - 12x20m khu Tân Quy Đông phường tân phong Quận 7,"Tân Quy Đông, Tân Phong, Quận 7, TP. Hồ Chí Minh Lưu tin",~163 triệu/m2,90m2,Bán nhà phố dự án,Tây Bắc,3 tầng,4.0,20m - 30m,1.0,4 phòng,Sổ hồng,
https://nhadat.cafeland.vn/ban-gap-nha-lo-goc-trung-tam-ha-dong-4-tang-40m2-hon-5x-ty-ngo-rong-2270669.html,"BÁN GẤP NHÀ LÔ GÓC TRUNG TÂM HÀ ĐÔNG 4 TẦNG - 40m2 - HƠN 5,X TỶ - NGÕ RỘNG","Kiến Hưng, Hà Đông, Hà Nội Lưu tin",~140 triệu/m2,40m2,Bán nhà riêng,,,,,,,,
https://nhadat.cafeland.vn/nha-pho-5-tang-view-31-toa-chung-cu-gan-ngay-khu-biet-thu-nha-giau-2270838.html,NHÀ PHỐ 5 TẦNG VIEW 31 TÒA CHUNG CƯ GẦN NGAY KHU BIỆT THỰ NHÀ GIÀU,"48, Đại lộ Nam Sông Mã, Đông Hải, TP. Thanh Hóa, Thanh Hóa Lưu tin","~65,8 triệu /m2",85m2,Bán nhà phố dự án,,,,,,,,
https://nhadat.cafeland.vn/ban-nha-pho-5-tang-ngay-tinh-uy-thanh-hoa-chi-nhinh-5-ty-2269969.html,BÁN NHÀ PHỐ 5 TẦNG NGAY TỈNH ỦY THANH HÓA CHỈ NHỈNH 5 TỶ,"Đông Hải, TP. Thanh Hóa, Thanh Hóa Lưu tin","~65,8 triệu /m2",85m2,Bán nhà riêng,,,,,,,,
https://nhadat.cafeland.vn/ban-gap-438m-nha-mat-tien-gia-hem-phuoc-long-b-tp-thu-duc-18pog-29t-2269716.html,"BÁN GẤP 438m– NHÀ MẶT TIỀN GIÁ HẺM – PHƯỚC LONG B, TP. THỦ ĐỨC -18pog-29T","Phước Long B, Quận 9, TP. Hồ Chí Minh Lưu tin","~67,3 triệu /m2",438m2,Bán nhà riêng,,,,,,,,
https://nhadat.cafeland.vn/ban-nha-mat-tien-hiep-binh-hiep-binh-chanh-300m10x30-thu-60trth-chi-45ttlmoi-2262895.html,Bán nhà Mặt Tiền Hiệp Bình-Hiệp Bình Chánh-300m(10x30) thu 60tr/th chỉ 45t(Tlmoi,"Hiệp Bình Chánh, Quận Thủ Đức, TP. Hồ Chí Minh Lưu tin",~150 triệu/m2,300m2,Bán nhà riêng,,,,,,,,
https://nhadat.cafeland.vn/ban-nua-gia-thi-truong-linh-dong-thu-duc-4000m63x632-xuong-thu-100trth-75t-2229454.html,"Bán nửa giá thị trường LINH ĐÔNG -THỦ ĐỨC-4000M(63X63)2 XƯỞNG ,THU 100TR/TH -75T","Linh Ðông, Quận Thủ Đức, TP. Hồ Chí Minh Lưu tin","~18,7 triệu /m2",4000m2,Bán nhà phố dự án,,,2.0,8m,,3 phòng,Sổ hồng,
https://nhadat.cafeland.vn/ngop-bank-ban-gap-800m18x5038pog-do-xuan-hop-plb-chi-30t-tien-xay-chdv-hiem-2239107.html,"Ngợp bank bán gấp 800m(18x50)38pog Đỗ Xuân Hợp-PLB Chỉ 30T, tiện xây CHDV hiếm","Đỗ Xuân Hợp, Phước Long B, Quận 9, TP. Hồ Chí Minh Lưu tin","~36,2 triệu /m2",800m2,Bán nhà phố dự án,,,,,,,,
https://nhadat.cafeland.vn/co-hoi-vang-cho-nha-dau-tu-gia-dinh-tre4tag-4pn-phuoc-long-b-nhinh-6t-o-ngay-2271114.html,CƠ HỘI VÀNG CHO NHÀ ĐẦU TƯ & GIA ĐÌNH TRẺ!4TAG-4PN PHƯỚC LONG B NHỈNH 6T-Ở NGAY,"Phước Long B, Quận 9, TP. Hồ Chí Minh Lưu tin",~132 triệu/m2,51m2,Bán nhà riêng,,,,,,,,
https://nhadat.cafeland.vn/ban-nha-do-xuan-hop-giap-quan-2-4-tang-duc-that-4pn-phap-ly-chuan-nhinh-8t-2270250.html,"Bán nhà Đỗ Xuân Hợp, giáp Quận 2 – 4 tầng đúc thật, 4PN, pháp lý chuẩn nhỉnh 8T","Phước Long B, Quận 9, TP. Hồ Chí Minh Lưu tin",~158 triệu/m2,56m2,Bán nhà riêng,,,,,,,,
https://nhadat.cafeland.vn/ban-nha-4-tang-khu-phan-lo-hem-xe-hoi-duong-so-22-phuoc-long-b-chi-6-ty-x-2271111.html,"Bán Nhà 4 tầng khu phân lô, Hẻm xe hơi, Đường số 22, Phước Long B, chỉ 6 tỷ x","Đường 22, Phước Long B, Quận 9, TP. Hồ Chí Minh Lưu tin",~135 triệu/m2,50m2,Bán nhà riêng,,,,,,,,
https://nhadat.cafeland.vn/dau-tu-dat-quanh-vin-duong-kinh-tai-chinh-quanh-1-ty-2270156.html,"Đầu tư đất quanh Vin Dương Kinh, tài chính quanh 1 tỷ","Hòa Nghĩa, Hòa Nghĩa, Dương Kinh, TP. Hải Phòng Lưu tin",~22 triệu /m2,50m2,Bán đất thổ cư,,,,,,,,
https://nhadat.cafeland.vn/nen-dat-158m2-sat-truonghoc-thpt-hau-nghia-du-tho-so-rieng-lienke-nha-phovinhome-2271108.html,Nền đất 158m2 sát trườnghọc THPT Hậu Nghĩa-đủ thổ-sổ riêng-Liềnkề nhà phốVinHome,"QL N2, Hậu Nghĩa, Đức Hòa, Long An Lưu tin",~112 nghìn/m2,158.2m2,Bán đất thổ cư,,,,,,,,
https://nhadat.cafeland.vn/nha-dep-ha-dong-chi-hon-5x-ty-5-tang-ngo-rong-co-cho-de-o-to-gan-2271107.html,"NHÀ ĐẸP HÀ ĐÔNG CHỈ HƠN 5,X TỶ - 5 TẦNG - NGÕ RỘNG- CÓ CHỖ ĐỂ Ô TÔ GẦN","Kiến Hưng, Hà Đông, Hà Nội Lưu tin",~125 triệu/m2,40m2,Bán nhà riêng,,,,,,,,
https://nhadat.cafeland.vn/nha-28m2-4-tang-btct-hoan-cong-du-3pn-3wc-hoang-dieu-chi-315-ty-2255395.html,"Nhà 28m2, 4 tầng BTCT hoàn công đủ, 3pn 3WC, Hoàng Diệu. Chỉ 3,15 tỷ","Hoàng Diệu, Phường 8, Quận 4, TP. Hồ Chí Minh Lưu tin",~112 triệu/m2,28m2,Bán nhà riêng,,4 tầng,3.0,,1.0,3 phòng,Sổ hồng,
https://nhadat.cafeland.vn/xe-hoi-ngu-trong-nha-4-tang-4-pn-443-x-16-p-tan-kieng-chi-11-ty-2269705.html,"Xe hơi ngủ trong nhà - 4 tầng 4 PN - 4,43 x 16 - P. Tân Kiểng. Chỉ 11 tỷ","Trần Xuân Soạn, Tân Kiểng, Quận 7, TP. Hồ Chí Minh Lưu tin",~155 triệu/m2,70.7m2,Bán nhà riêng,,4 tầng,3.0,,1.0,4 phòng,Sổ hồng,
https://nhadat.cafeland.vn/1700m2-dat-21-x-80-co-nha-xuong-cho-thue-gan-2-ty-nam-56-ty-2233135.html,1700m2 đất (21 x 80) có nhà xưởng cho thuê gần 2 tỷ/ năm. 56 tỷ,"Đường Võ Thị Thừa, An Phú Đông, Quận 12, TP. Hồ Chí Minh Lưu tin","~32,9 triệu /m2",1701m2,"Bán kho, nhà xưởng",,,,,,,Sổ hồng,
https://nhadat.cafeland.vn/nha-5-tang-5pn-sat-mat-tien-ton-dan-xe-hoi-cach-nha-5m-485-ty-2264679.html,"Nhà 5 tầng 5pn - sát mặt tiền Tôn Đản, xe hơi cách nhà 5m. 4,85 tỷ","Tôn Đản, Phường 10, Quận 4, TP. Hồ Chí Minh Lưu tin",~155 triệu/m2,31.2m2,Bán nhà riêng,,5 tầng,3.0,,1.0,5 phòng,Sổ hồng,
https://nhadat.cafeland.vn/chuyen-nhuong-10000m2-cum-cong-nghiep-ho-son-lang-son-ban-giao-som-2260608.html,"Chuyển nhượng 10.000m2 cụm công nghiệp Hồ Sơn – Lạng Sơn, bàn giao sớm","Quốc Lộ 1A, Hồ Sơn, Hữu Lũng, Lạng Sơn Lưu tin",~Thương lượng/m2,10000m2,Bán đất nền dự án,,,,,,,,
https://nhadat.cafeland.vn/ban-500m2-dat-tai-phuc-triu-thai-nguyen-mua-dau-tu-sinh-loi-2268328.html,BÁN 500M2 ĐẤT TẠI PHÚC TRÌU-THÁI NGUYÊN MUA ĐẦU TƯ SINH LỜI,"Phúc Trìu, Thành phố Thái Nguyên, Thái Nguyên Lưu tin","~2,7 triệu /m2",500m2,Bán đất nền dự án,,,,,,,,
https://nhadat.cafeland.vn/ban-shophouse-4-tang-trung-tam-hoa-phu-thu-dau-2269059.html,Bán Shophouse 4 tầng Trung Tâm Hòa Phú Thủ Dầu,"Hòa Phú, Thủ Dầu Một, Bình Dương Lưu tin",,110m2,Bán nhà phố dự án,,3 tầng,6.0,20m - 30m,1.0,5 phòng,,
https://nhadat.cafeland.vn/sieu-pham-dat-vuon-nghi-duong-gia-re-bat-ngo-chi-900-trieusao-ngan-hang-ho-tro-2271098.html,"SIÊU PHẨM ĐẤT VƯỜN NGHỈ DƯỠNG GIÁ RẺ BẤT NGỜ CHỈ 900 TRIỆU/SÀO, NGÂN HÀNG HỖ TRỢ","La Ngà, Định Quán, Đồng Nai Lưu tin",~900/m2,1000m2,"Bán đất nông, lâm nghiệp",,,,,,,,
https://nhadat.cafeland.vn/245-ty-co-hoi-so-huu-can-ho-mat-bien-tai-sun-costa-residence-da-nang-2271092.html,"2,45 TỶ CƠ HỘI SỞ HỮU CĂN HỘ MẶT BIỂN TẠI SUN COSTA RESIDENCE ĐÀ NẴNG","VƯƠNG THỪA VŨ, Phước Mỹ, Sơn Trà, TP. Đà Nẵng Lưu tin",~Thương lượng/m2,50m2,Bán căn hộ chung cư,,,,,,,,
https://nhadat.cafeland.vn/can-ban-lo-dat-hd07-duong-21m-2-mat-tien-truoc-sau-khu-4-du-an-long-hung-2185235.html,"Cần bán lô đất HD07, đường 21m, 2 mặt tiền trước sau, khu 4 , Dự Án long hưng","lô HD26-5 khu 5, dự án KĐT Long Hưng, Biên Hòa, Long Hưng, Biên Hòa, Đồng Nai Lưu tin",~220 nghìn/m2,150m2,Bán đất thổ cư,Đông Bắc,,,20m - 30m,,,Sổ hồng,
https://nhadat.cafeland.vn/chu-dat-can-ra-nhanh-lo-so-do-dt-6x20m-tai-da-mau-giao-tw3-gia-ban-75-trm2-2233368.html,Chủ đất cần ra nhanh lô sổ đỏ dt 6x20m tại D/A Mẫu Giáo TW3 giá bán 75 tr/m2,"Liên Phường, Phú Hữu, Quận 9, TP. Hồ Chí Minh Lưu tin",~625 nghìn/m2,120m2,Bán đất thổ cư,Đông Nam,,,10m - 15m,,,Sổ hồng,
https://nhadat.cafeland.vn/nha-dien-tich-8x20m-mat-tien-duong-45m-1-tret-2-lau-nha-hoan-thien-2210638.html,"Nhà diện tích 8x20m, mặt tiền đường 45m, 1 trệt, 2 lầu, nhà hoàn thiện,","Hương Lộ 2, Long Hưng, Biên Hòa, Đồng Nai Lưu tin","~73,1 triệu /m2",160m2,Bán nhà phố dự án,Đông Bắc,3 tầng,,30m - 50m,,,Sổ hồng,
https://nhadat.cafeland.vn/can-ho-1ty6-chi-thanh-toan-20-den-khi-nhan-lai-xuat-co-dinh-55nam-2270693.html,"Căn Hộ 1Tỷ6 Chỉ thanh toán 20% đến khi nhận - Lãi Xuất cố định 5,5%/Năm","Nguyễn Du, Bình Hoà, Thuận An, Bình Dương Lưu tin","~24,6 triệu /m2",65m2,Bán căn hộ chung cư,,,,,,,,
https://nhadat.cafeland.vn/biet-thu-khu-do-thi-gold-coast-vung-tau-trien-khai-giai-doan-1-quy-mo-1300-ha-2266113.html,Biệt Thự Khu Đô Thị Gold Coast Vũng Tàu - Triển khai giai đoạn 1 Quy mô 1300 HA,"Thị trấn Long Điền, Long Điền, Bà Rịa - Vũng Tàu Lưu tin",~25 triệu /m2,300m2,Bán biệt thự,,,,,,,,
https://nhadat.cafeland.vn/ban-nhanh-va-re-2-lo-dat-khu-4-kdt-long-hung-city-tp-bien-hoa-so-do-2189142.html,"Bán nhanh và rẻ 2 lô đất khu 4, KĐT Long Hưng CiTy, TP Biên Hòa, sổ đỏ","rd06, Hương Lộ 2, Long Hưng, Biên Hòa, Đồng Nai Lưu tin",~27 triệu /m2,100m2,Bán đất thổ cư,Đông Bắc,,,10m - 15m,,,Sổ hồng,
https://nhadat.cafeland.vn/ban-nhanh-lo-dat-126-ty-du-an-long-tan-city-duong-175m-dep-thong-thoang-2271091.html,"Bán nhanh lô đất 1,26 tỷ dự án Long Tân City đường 17,5m đẹp thông thoáng","25C, Long Tân, Nhơn Trạch, Đồng Nai Lưu tin","~13,263/m2",95m2,Bán đất nền dự án,,,,,,,,
https://nhadat.cafeland.vn/dat-nen-du-an-rox-living-dong-hoi-doi-dien-truong-dai-hoc-quang-binh-2271090.html,đất nền dự án ROX LIVING ĐỒNG HỚI - đối diện trượng Đại học Quảng Bình,"Bảo Ninh, Đồng Hới, Quảng Bình Lưu tin",~207 nghìn/m2,140m2,Bán đất nền dự án,,,,,,,,
https://nhadat.cafeland.vn/ban-day-tro-594m2-full-tho-co-dong-tien-on-dinhtngay-khu-dan-cu-nam-hung-vuong-2260706.html,BÁN DÃY TRỌ 594M2 FULL THỔ CƠ DÒNG TIỀN ỔN ĐỊNHTNGAY KHU DÂN CƯ NAM HÙNG VƯƠNG,"Lê Cơ, An Lạc, Quận Bình Tân, TP. Hồ Chí Minh Lưu tin","~47,1 triệu /m2",594m2,Bán nhà riêng,,,,,,,,
https://nhadat.cafeland.vn/ban-lo-dat-villa-tang-nha-c4-ngay-khu-sam-uat-ten-lua-dt-491m2-khu-dan-tri-cao-n-2264581.html,BÁN LÔ ĐẤT VILLA TẶNG NHÀ C4 NGAY KHU SẦM UẤT TÊN LỬA DT 491M2 KHU DÂN TRÍ CAO N,"Kinh Dương Vương, An Lạc A, Quận Bình Tân, TP. Hồ Chí Minh Lưu tin","~67,2 triệu /m2",491m2,Bán nhà phố dự án,,,,,,,,
https://nhadat.cafeland.vn/mat-tien-kinh-doanh-ngay-kinh-doanh-sam-uat-ho-hoc-lam-dt-1200m2-nhinh-90trm2-2271089.html,MẶT TIỀN KINH DOANH NGAY KINH DOANH SẦM UẤT HỒ HỌC LÃM DT 1200M2 NHỈNH 90TR/M2,"Hồ Học Lãm, An Lạc, Quận Bình Tân, TP. Hồ Chí Minh Lưu tin","~79,1 triệu /m2",1200m2,Bán nhà phố dự án,,,,,,,,
https://nhadat.cafeland.vn/ban-can-khach-san-mini-la-celia-city-250m2-doi-dien-quang-truong-bien-bao-ninh-2271088.html,BÁN căn khách sạn mini LA CELIA CITY 250M2 đối diện Quảng Trường biển Bảo Ninh,"Võ Nguyên Giáp, Bảo Ninh, Đồng Hới, Quảng Bình Lưu tin",~147 triệu/m2,250m2,Bán nhà hàng - Khách sạn,,,,,,,,
https://nhadat.cafeland.vn/ban-nen-dat-o-do-thi-tai-tan-kien-binh-chanh-2214556.html,"Bán nền đất ở đô thị tại Tân Kiên, Bình Chánh","Tân Kiên, Huyện Bình Chánh, TP. Hồ Chí Minh Lưu tin","~25,7 triệu /m2",126m2,Bán đất thổ cư,,,,,,,,
https://nhadat.cafeland.vn/chinh-chu-gui-ban-can-biet-thu-an-vuong-villa-nam-cuong-ha-dong-2267914.html,"Chính chủ gửi bán căn biệt thự An Vượng Villa Nam Cường, Hà Đông","Y01-03, Nguyễn Thanh Bình, Dương Nội, Hà Đông, Hà Nội Lưu tin",~111 nghìn/m2,180m2,Bán biệt thự,,,,,,,,
https://nhadat.cafeland.vn/dat-mat-tien-duong-nhua-ngay-trung-tam-dau-tieng-binh-duong-2271083.html,Đất mặt tiền đường nhựa ngay trung tâm Dầu Tiếng Bình Dương.,"Long Tân, Dầu Tiếng, Bình Dương Lưu tin","~3,4 triệu /m2",200m2,Bán đất thổ cư,Nam,,,8m,,,Sổ hồng,
https://nhadat.cafeland.vn/can-soho-doc-quyen-trung-nguyen-thue-80-trthang-thanh-toan-nhanh-giam-106-ty-2266881.html,"Căn Soho Độc Quyền Trung Nguyên Thuê 80 Tr/Tháng! Thanh toán nhanh giảm 10,6 tỷ","LK12-41, An Phú, Quận 2, TP. Hồ Chí Minh Lưu tin",~493 triệu/m2,95m2,Bán nhà riêng,,,,,,,,
https://nhadat.cafeland.vn/du-an-thap-doi-kepler-landmo-lao-ha-dong-gia-ngoai-giao-2266523.html,dự án Tháp đôi Kepler Land.mỗ lao hà đông giá ngoại giao,"Y01-03, Nguyễn Văn Lộc, Mỗ Lao, Hà Đông, Hà Nội Lưu tin","~1,4 triệu /m2",67m2,Bán căn hộ chung cư,Đông Nam,15 tầng,2.0,30m - 50m,2.0,2 phòng,Hợp đồng,
https://nhadat.cafeland.vn/ket-von-kinh-doanh-can-sang-lai-lo-dat-tho-cu-173m2-490-trieu-2271082.html,Kẹt Vốn Kinh Doanh Cần Sang Lại Lô Đất Thổ Cư 173m2 - 490 Triệu,"Nhuận Đức, Huyện Củ Chi, TP. Hồ Chí Minh Lưu tin","~2,8 triệu /m2",173m2,Bán đất thổ cư,,,,6m,,,Sổ hồng,
https://nhadat.cafeland.vn/lo-dat-70m2-chot-nhanh-750tr-so-rieng-ho-tro-nh-ngay-tt-lai-uyen-bau-bang-2268308.html,"Lô đất 70m2 chốt nhanh 750tr. Sổ riêng, hỗ trợ NH. Ngay TT Lai Uyên, Bàu Bàng","QL13, Lai Uyên, Bàu Bàng, Bình Dương Lưu tin","~10,7 triệu /m2",70m2,Bán đất nền dự án,,,,,,,,
https://nhadat.cafeland.vn/can-ho-cao-cap-lien-ke-tphcm-mat-tien-quoc-lo-1a-2270400.html,CĂN HỘ CAO CẤP LIỀN KỀ TP.HCM MẶT TIỀN QUỐC LỘ 1A,"Mỹ Yên, Bến Lức, Long An Lưu tin",~Thương lượng/m2,54m2,Bán căn hộ chung cư,,,2.0,,1.0,2 phòng,,
https://nhadat.cafeland.vn/ban-4-lo-dat-nen-lien-ke-truc-chinh-duong-24-kdc-my-hanh-2270081.html,BÁN 4 LÔ ĐẤT NỀN LIỀN KỀ - TRỤC CHÍNH ĐƯỜNG 24 - KDC MỸ HẠNH,"Mỹ Hạnh Nam, Đức Hòa, Long An Lưu tin","~10,5 triệu /m2",90m2,Bán đất thổ cư,,,,,,,,
https://nhadat.cafeland.vn/ban-dat-nen-tan-phu-trung-gia-1ty9-so-hong-rieng-2270903.html,"BÁN ĐẤT NỀN TÂN PHÚ TRUNG, GIÁ 1tỷ9, SỔ HỒNG RIÊNG","Tân Phú Trung, Huyện Củ Chi, TP. Hồ Chí Minh Lưu tin",~537 nghìn/m2,54m2,Bán đất thổ cư,,,,,,,,
https://nhadat.cafeland.vn/nha-dep-kien-co-vo-o-ngay-hem-xe-hoi-p24-trung-tam-binh-thanh-4-tang-4pn-2271080.html,NHÀ ĐẸP KIÊN CỐ VÔ Ở NGAY - HẺM XE HƠI P24 – TRUNG TÂM BÌNH THẠNH 4 TẦNG 4PN,"Phường 24, Bình Thạnh, TP. Hồ Chí Minh Lưu tin",~178 triệu/m2,50m2,Bán nhà riêng,,,,,,,,
https://nhadat.cafeland.vn/mua-can-ho-cara-nhan-qua-ngay-200-trieu-dau-tu-sieu-loi-2270808.html,MUA CĂN HỘ CARA – NHẬN QUÀ NGAY 200 TRIỆU – ĐẦU TƯ SIÊU LỜI,"Hưng Phú, Cái Răng, TP. Cần Thơ Lưu tin",,53m2,Bán căn hộ chung cư,,,,,,,,
https://nhadat.cafeland.vn/chinh-chu-can-ban-lo-dat-dep-khu-do-thi-nam-ga-ha-long-2271076.html,CHÍNH CHỦ CẦN BÁN LÔ ĐẤT ĐẸP KHU ĐÔ THỊ NAM GA –HẠ LONG!,"Giếng Đáy, Hạ Long, Quảng Ninh Lưu tin",~409 nghìn/m2,110m2,Bán đất nền dự án,,,,,,,,
https://nhadat.cafeland.vn/ket-tien-can-ban-dat-tho-cu-cam-hiep-nam-cam-lam-quy-hoach-an-toan-2045-2271075.html,KẸT TIỀN CẦN BÁN ĐẤT THỔ CƯ CAM HIỆP NAM - CAM LÂM QUY HOẠCH AN TOÀN 2045,"Cam Hiệp Nam, Cam Lâm, Khánh Hòa Lưu tin","~6,3 triệu /m2",103.1m2,Bán đất thổ cư,,,,,,,,
https://nhadat.cafeland.vn/ban-nen-160m2-khu-khang-thinh-tai-bien-hoa-new-city-trong-san-golf-2128463.html,Bán nền 160m2 khu Khang Thịnh tại Biên Hòa New City trong sân Golf,"Phước Tân, Biên Hòa, Đồng Nai Lưu tin","~12,4 triệu /m2",160m2,Bán đất thổ cư,Tây Nam,,,15m - 20m,,,Sổ hồng,
https://nhadat.cafeland.vn/gio-hang-dot-2-can-a09-73m2-goc-3-mat-tien-the-emerald-68-chiet-khau-den-14-2265604.html,Giỏ hàng đợt 2 Căn A09 73m2 góc 3 mặt tiền The Emerald 68 chiết khấu đến 14%.,"Vĩnh Phú, Thuận An, Bình Dương Lưu tin","~36,3 triệu /m2",73m2,Bán căn hộ chung cư,,,,,,,,
https://nhadat.cafeland.vn/can-ho-cao-cap-56m2-o-duoc-4-nguoi-cach-quan-1-dung-19km-gia-dau-tu-chi-180trieu-2258303.html,Căn Hộ Cao Cấp 56m2 ở được 4 người cách quận 1 đúng 19km giá đầu tư chỉ 180triệu,"Tân Đông Hiệp, Dĩ An, Bình Dương Lưu tin","~3,2 triệu /m2",56m2,Bán nhà riêng,,,,,,,,
https://nhadat.cafeland.vn/so-huu-can-ho-cao-cap-682m2-gom-2pn-2wc-ntcc-sat-pham-van-dong-chi-915trieu-2257603.html,"Sở hữu căn hộ cao cấp 68,2m2 gồm 2PN + 2WC + NTCC sát Phạm Văn Đồng chỉ 915triệu","An Bình, Dĩ An, Bình Dương Lưu tin","~1,342/m2",68.2m2,Bán căn hộ chung cư,,,,,,,,
https://nhadat.cafeland.vn/so-huu-can-ho-cao-cap-682m2-gom-2pn-2wc-ntcc-cach-quan-1-14km-chi-915-trieu-2258297.html,"Sở hữu căn hộ cao cấp 68,2m2 gồm 2PN + 2WC + NTCC cách quận 1 14km chỉ 915 triệu","An Bình, Dĩ An, Bình Dương Lưu tin","~13,4 triệu /m2",68.2m2,Bán căn hộ chung cư,,,,,,,,
https://nhadat.cafeland.vn/ban-nha-pho-san-vuon-3-tang-130-m2-tai-khu-tay-sai-gon-gia-dau-tu-850-trieu-2262912.html,Bán nhà phố sân vườn 3 tầng 130 m2 tại khu Tây Sài Gòn giá đầu tư 850 triệu,"Lương Hòa, Bến Lức, Long An Lưu tin","~6,5 triệu /m2",130m2,Bán nhà riêng,,,,,,,,
https://nhadat.cafeland.vn/chi-voi-850-trieu-co-the-so-huu-duoc-ngay-1-can-nha-pho-3-tang-sat-binh-chanh-2262917.html,Chỉ với 850 triệu có thể sở hữu được ngay 1 căn nhà phố 3 tầng sát Bình Chánh,"Lương Hòa, Bến Lức, Long An Lưu tin","~6,5 triệu /m2",130m2,Bán nhà riêng,,,,,,,,
https://nhadat.cafeland.vn/ban-nha-pho-san-vuon-xay-dung-3-tang-tra-gop-chi-tu-750-trieucan-so-hong-rieng-2252518.html,"Bán nhà phố sân vườn xây dựng 3 tầng trả góp chỉ từ 750 triệu/căn, sổ hồng riêng","ĐT 824 (kể cả phía cặp kênh), Lương Hòa, Bến Lức, Long An Lưu tin","~9,3 triệu /m2",80m2,Bán nhà riêng,,,,,,,,
https://nhadat.cafeland.vn/ban-gan-3-sao-dat-dep-ngay-nga-3-thai-lan-khu-tam-phuoc-2271073.html,"Bán gần 3 sào đất đẹp ngay Ngã 3 Thái Lan, Khu Tam Phước","Quốc lộ 51, Tam phước, Biên Hòa, Đồng Nai Lưu tin","~4,4 triệu /m2",2900m2,Bán đất thổ cư,,,,,,,,
https://nhadat.cafeland.vn/tuyet-pham-lau-dai-pho-1200m2-ngang-20m-tran-van-kieu-q6-tang-nt-ty-do-300-ty-2271071.html,Tuyệt phẩm LÂU ĐÀI PHỐ 1200m2 ngang 20m Trần Văn Kiểu Q.6 tặng NT TỶ ĐÔ 300 tỷ,"Trần Văn Kiểu, Phường 10, Quận 6, TP. Hồ Chí Minh Lưu tin",~250 triệu/m2,1200m2,Bán biệt thự,,,,,,,,
https://nhadat.cafeland.vn/keo-thom-395-trieu-1-xet-ql-14-cho-minh-lap-vao-900m-thu-hoi-von-tu-di-xem-2270134.html,"KÈO THƠM 395 TRIỆU 1 XẸT QL 14 , CHỢ MINH LẬP VÀO 900m ,thu hồi vốn , tự đi xem","Quốc lộ 14, Tiến Thành, Đồng Xoài, Bình Phước Lưu tin",~297 nghìn/m2,1329m2,Bán đất thổ cư,,,,,,,,
https://nhadat.cafeland.vn/ban-buong-duoi-thu-hoi-von-5-shr27x501329m2-395-trieus-mt-ql14-vao-900m-2270590.html,"BÁN BUÔNG ĐUÔI, THU HỒI VỐN ,5 SHR(27X50=1.329m2 )395 TRIỆU/S, MT ql14 VÀO 900M","QL13, Lai Uyên, Bàu Bàng, Bình Dương Lưu tin",~297 nghìn/m2,1329m2,Bán đất thổ cư,,,,,,,,
https://nhadat.cafeland.vn/ban-nha-4-lau-hxh-ngang-46m-97m2-10pn-khep-kin-vai-buoc-ra-quang-trung-1299-ty-2269810.html,Bán nhà 4 lầu HXH ngang 4.6m 97m2 10PN khép kín vài bước ra Quang Trung 12.99 tỷ,"Quang Trung, Phường 8, Quận Gò Vấp, TP. Hồ Chí Minh Lưu tin",~133 triệu/m2,97m2,Bán nhà riêng,,,,,,,,
https://nhadat.cafeland.vn/biet-thu-mat-tien-vuon-lai-q12-ngang-13m-4-lau-co-ham-778m2-sat-go-vap-chi-49-ty-2269820.html,BIỆT THỰ mặt tiền Vườn Lài Q12 ngang 13m 4 lầu có hầm 778m2 sát Gò Vấp chỉ 49 tỷ,"Vườn Lài, An Phú Đông, Quận 12, TP. Hồ Chí Minh Lưu tin","~62,9 triệu /m2",778m2,Bán biệt thự,,,,,,,,
https://nhadat.cafeland.vn/ban-nha-mat-tien-phu-nhuan-phung-van-cung-ngang-4m-dai-8m-tret-lung-lau-2268378.html,Bán nhà mặt tiền Phú Nhuận Phùng Văn Cung ngang 4m dài 8m trệt lững lầu,"Phùng Văn Cung, Phường 4, Quận Phú Nhuận, TP. Hồ Chí Minh Lưu tin",~137 triệu/m2,32m2,Bán nhà riêng,,2 tầng,2.0,6m,1.0,2 phòng,Sổ hồng,
https://nhadat.cafeland.vn/nha-mat-tien-go-vap-duong-so-6-ngang-4m-dai-11m-shcn-44m2-tret-lau-hc-du-2265607.html,Nhà mặt tiền Gò Vấp đường số 6 ngang 4m dài 11m SHCN 44m2 trệt lầu HC đủ,"Đường số 6, Phường 5, Quận Gò Vấp, TP. Hồ Chí Minh Lưu tin",~118 triệu/m2,44m2,Bán nhà riêng,,2 tầng,2.0,8m,1.0,2 phòng,Sổ hồng,
https://nhadat.cafeland.vn/chinh-chu-can-ban-can-ho-tang-thap-chung-cu-silver-starhung-phat-silver-star-2271058.html,Chính Chủ Cần Bán Căn Hộ Tầng Thấp Chung Cư Silver StarHưng Phát Silver Star,"Phước Kiển, Huyện Nhà Bè, TP. Hồ Chí Minh Lưu tin","~39,6 triệu /m2",70.6m2,Bán căn hộ chung cư,,,2.0,,1.0,2 phòng,Sổ hồng,
https://nhadat.cafeland.vn/ban-lo-dat-5m-x-30m-tho-cu-gan-823d-duc-hoa-long-an-750tr-2269937.html,Bán lô đất 5m x 30m thổ cư gần 823D Đức Hoà Long An 750tr,"Hoà Khánh Đông, Đức Hòa, Long An Lưu tin",~Thương lượng/m2,150m2,Bán đất thổ cư,,,,,,,,
https://nhadat.cafeland.vn/dat-2-mat-tien-hem-xe-hoi-220-vo-van-hat-co-hem-hong-5m-giap-kqh-dt-1437m2-2270270.html,"Đất 2 mặt tiền hẻm xe hơi 220 Võ Văn Hát - có hẻm hông 5m giáp KQH, DT: 1.437m2;","220, Võ Văn Hát, Long Trường, Quận 9, TP. Hồ Chí Minh Lưu tin","~25,5 triệu /m2",1437m2,Bán đất thổ cư,,,,,,,,
https://nhadat.cafeland.vn/dat-193m-mt-trinh-hoai-duc-tp-da-lat-view-cuc-dep-dt-1488-m2-gia-78-ti-2270269.html,"Đất 19,3m MT Trịnh Hoài Đức, tp Đà Lạt view cực đẹp, DT: 1.488 m2, gía 78 tỉ","Trịnh Hoài Đức, Phường 13, Đà Lạt, Lâm Đồng Lưu tin","~52,4 triệu /m2",1488m2,Bán đất thổ cư,,,,,,,,
https://nhadat.cafeland.vn/ban-re-nha-pho-42-x-23m-1-tret-2-lau-cu-xa-phu-lam-q6-tphcm-2271067.html,Bán rẻ nhà phố 4.2 x 23m 1 trệt 2 lầu Cư Xá Phú Lâm Q6 TP.HCM,"Nội bộ cư xá Phú Lâm D, Phường 10, Quận 6, TP. Hồ Chí Minh Lưu tin",~130 triệu/m2,98m2,Bán nhà riêng,Đông Nam,2 tầng,3.0,10m - 15m,1.0,4 phòng,Sổ hồng,
https://nhadat.cafeland.vn/can-ho-cao-cap-sat-vincom-di-an-cach-q1-19km-2255741.html,Căn Hộ Cao Cấp sát Vincom Dĩ An cách Q1 19km,"Trị trấn Dĩ An, Dĩ An, Bình Dương Lưu tin",,72m2,Bán căn hộ chung cư,,,,,,,,
https://nhadat.cafeland.vn/bcons-solary-2pn2wc-gia-soc-15-ty-vi-tri-vang-loi-nhuan-cao-chi-31trm2-2271063.html,"BCONS SOLARY: 2PN/2WC GIÁ SỐC 1.5 TỶ! VỊ TRÍ VÀNG, LỢI NHUẬN CAO - CHỈ 31TRM2","Đường số 4, Tân Đông Hiệp, Dĩ An, Bình Dương Lưu tin","~28,8 triệu /m2",52m2,Bán nhà riêng,,,,,,,,
https://nhadat.cafeland.vn/nha-pho-xinh-42-x-252m-1-tret-3-lau-nguyen-thi-minh-khai-quan-1-tphcm-2227338.html,Nhà phố xinh 4.2 x 25.2m 1 trệt 3 lầu Nguyễn Thị Minh Khai Quận 1 TP.HCM,"Nguyễn Thị Minh Khai, Đa Kao, Quận 1, TP. Hồ Chí Minh Lưu tin",~113 triệu/m2,220m2,Bán nhà phố dự án,Tây Nam,3 tầng,6.0,4m,1.0,5 phòng,Sổ hồng,
https://nhadat.cafeland.vn/top-nha-xinh-re-39-x-105m-1-tret-1-lau-nguyen-duy-quan-8-tphcm-2267566.html,Top nhà xinh rẻ 3.9 x 10.5m 1 trệt 1 lầu Nguyễn Duy Quận 8 TP.HCM,"Nguyễn Duy, Phường 12, Quận 8, TP. Hồ Chí Minh Lưu tin",~116 triệu/m2,40.9m2,Bán nhà riêng,Đông Nam,1 tầng,2.0,3m,1.0,3 phòng,Sổ hồng,
https://nhadat.cafeland.vn/ban-khach-san-gan-nga-tu-binh-thung-bigc-go-di-an-lang-dai-hoc-quoc-gia-950-2243007.html,"Bán khách sạn gần ngã tư Bình Thung, BigC Go Dĩ An, làng đại học Quốc gia 950","Quốc Lộ 1K, Tân Đông Hiệp, Dĩ An, Bình Dương Lưu tin","~55,4 triệu /m2",81.1m2,Bán nhà hàng - Khách sạn,Bắc,3 tầng,9.0,10m - 15m,1.0,8 phòng,Sổ hồng,
https://nhadat.cafeland.vn/nha-mat-tien-kinh-doanh-gan-vong-xoay-an-phu-nga-tu-550-1031-an-phu-thuan-an-2245016.html,"Nhà mặt tiền kinh doanh gần vòng xoay An Phú, ngã tư 550, 1031 An Phú, Thuận An","ĐT 743, An Phú, Thuận An, Bình Dương Lưu tin","~44,7 triệu /m2",212.5m2,Bán nhà riêng,Tây Nam,1 tầng,4.0,30m - 50m,1.0,5 phòng,Sổ hồng,
https://nhadat.cafeland.vn/ban-nha-xuong-gan-nga-tu-chieu-lieu-3028m2-so-hong-hoan-cong-dat-full-skc-1333-2244888.html,"Bán nhà xưởng gần ngã tư Chiêu Liêu, 3.028m2 sổ hồng hoàn công đất full SKC 1333","Lê Hồng Phong, Tân Đông Hiệp, Dĩ An, Bình Dương Lưu tin","~18,1 triệu /m2",3028.5m2,"Bán kho, nhà xưởng",Đông Bắc,2 tầng,2.0,8m,1.0,2 phòng,Sổ hồng,
https://nhadat.cafeland.vn/dat-kdc-icon-doi-dien-cho-thong-dung-co-2-loi-thoat-hiem-so-rieng-2195-di-an-2266872.html,"Đất KDC iCon đối diện chợ Thông Dụng, có 2 lối thoát hiểm, sổ riêng, 2195 Dĩ An","Lê Hồng Phong, Tân Đông Hiệp, Dĩ An, Bình Dương Lưu tin",~50 triệu /m2,64m2,Bán đất thổ cư,Đông Bắc,,,10m - 15m,,,Sổ hồng,
https://nhadat.cafeland.vn/dat-gan-big-c-go-lang-dhqg-xay-tu-do-hem-xe-tai-1934-dong-hoa-di-an-2261694.html,"Đất gần Big C Go, làng ĐHQG, xây tự do, hẻm xe tải, 1934 Đông Hoà, Dĩ An","Hai bà trưng nối dài, Đông Hoà, Dĩ An, Bình Dương Lưu tin","~51,3 triệu /m2",75m2,Bán đất thổ cư,,,,,,,,
https://nhadat.cafeland.vn/dat-gan-kdc-binh-an-nga-ba-tan-van-211m-ngang-10m-full-tho-cu-2176-2266311.html,"Đất gần KDC Bình An, ngã ba Tân Vạn, 211m ngang 10m full thô cư, 2176","DT743A, Bình Thắng, Dĩ An, Bình Dương Lưu tin","~35,5 triệu /m2",211m2,Bán đất thổ cư,Tây,,,10m - 15m,,,Sổ hồng,
https://nhadat.cafeland.vn/biet-thu-sieu-dep-200m2-no-hau-giam-gia-hot-2252764.html,BIỆT THỰ SIÊU ĐẸP 200M2 NỞ HẬU - GIẢM GIÁ HOT,"A122 Đường N9, Thống Nhất, Biên Hòa, Đồng Nai Lưu tin","~41,3 triệu /m2",460m2,Bán biệt thự,,,,,,,,
https://nhadat.cafeland.vn/ban-dat-nen-du-an-5f-amara-dien-tich-80m2-lien-ke-khu-cong-nghiep-bau-bang-2271060.html,Bán đất nền dự án 5F Amara diện tích 80m2 liền kề khu công nghiệp Bàu Bàng,"Lai Uyên, Bàu Bàng, Bình Dương Lưu tin",~10 triệu /m2,80m2,Bán đất nền dự án,,,,4m,,,Sổ hồng,
https://nhadat.cafeland.vn/dong-tien-dinh-dt57m-x-4t-ly-thuong-kiet-tan-binh-tphcm-2271059.html,"dòng tiền Đỉnh 𝟔𝟔𝟎 𝐭𝐫/𝐧𝐚̆𝐦, DT57m x 4T, Lý Thường Kiệt, Tân Bình TPHCM","Lý Thường Kiệt, Phường 7, Quận Tân Bình, TP. Hồ Chí Minh Lưu tin",~198 triệu/m2,57m2,Bán nhà riêng,,4 tầng,,6m,,7 phòng,Giấy đỏ,
https://nhadat.cafeland.vn/can-ho-bcons-solary-2pn-2wc-gia-chi-tu-15-ty-ngay-trung-tam-di-an-tien-ich-2271057.html,"Căn hộ Bcons Solary 2PN 2WC, giá chỉ từ 1.5 tỷ, ngay trung tâm Dĩ An – tiện ích","Tân Đông Hiệp, Dĩ An, Bình Dương Lưu tin",~25 triệu /m2,60m2,Bán căn hộ chung cư,,,,,,,,
https://nhadat.cafeland.vn/ban-can-ho-du-an-tt-avio-gia-chi-32trm2-2269139.html,Bán căn hộ Dự Án TT AVIO Giá Chỉ 32tr/m2,"Tân Đông Hiệp, Dĩ An, Bình Dương Lưu tin",,45m2,Bán căn hộ chung cư,,,,,,,,
https://nhadat.cafeland.vn/chinh-chu-ban-lo-von-can-50m2-new-galaxy-di-an-can-ho-cao-cap-ke-lang-dai-hoc-2263596.html,Chính chủ bán LỖ vốn căn 50m2 New Galaxy Dĩ An căn hộ cao cấp kế Làng Đại học (Tin Hết Hạn),"Đông Hoà, Dĩ An, Bình Dương Lưu tin",~22 triệu /m2,50m2,Bán căn hộ chung cư,,22 tầng,1.0,30m - 50m,1.0,1 phòng,Sổ hồng,
https://nhadat.cafeland.vn/can-ho-2pn-fresia-riverside-bien-hoa-sat-song-chi-15-ty-tra-75-trieu-so-huu-2266977.html,"Căn hộ 2PN Fresia Riverside Biên Hoà sát sông chỉ 1,5 tỷ, trả 75 triệu sở hữu","Bùi Hữu Nghĩa, Tân Vạn, Biên Hòa, Đồng Nai Lưu tin","~28,8 triệu /m2",52m2,Bán căn hộ chung cư,,30 tầng,2.0,20m - 30m,1.0,2 phòng,Sổ hồng,
https://nhadat.cafeland.vn/can-ho-fresia-riverside-bien-hoa-view-song-doi-dien-aeon-mall-lien-he-nhan-ck-2265818.html,"Căn hộ Fresia Riverside Biên Hoà view sông, đối diện Aeon Mall. Liên hệ nhận CK","Bùi Hữu Nghĩa, Tân Vạn, Biên Hòa, Đồng Nai Lưu tin","~29,4 triệu /m2",51m2,Bán căn hộ chung cư,,29 tầng,1.0,30m - 50m,1.0,2 phòng,Sổ hồng,
https://nhadat.cafeland.vn/ban-2-lo-sat-nhau-bien-hoa-new-city-duong-24m-gia-re-nhat-chi-235-ty-bao-phi-2264112.html,"Bán 2 lô sát nhau Biên Hòa New City, đường 24m, giá rẻ nhất chỉ 2.35 tỷ bao phí","Quốc lộ 51, Phước Tân, Biên Hòa, Đồng Nai Lưu tin","~23,5 triệu /m2",100m2,Bán đất nền dự án,,,,20m - 30m,,,Sổ hồng,
https://nhadat.cafeland.vn/dat-nen-so-do-bien-hoa-new-city-100m2-sat-truong-hoc-sat-truc-24m-trung-tam-2263741.html,"Đất nền sổ đỏ Biên Hoà New City 100m2, sát trường học, sát trục 24m trung tâm","Hương Lộ 2, Phước Tân, Biên Hòa, Đồng Nai Lưu tin","~17,1 triệu /m2",100m2,Bán đất nền dự án,,,,10m - 15m,,,Sổ hồng,
https://nhadat.cafeland.vn/cap-nhat-bang-gia-dat-nen-so-do-bien-hoa-new-city-cam-ket-bao-dung-gia-that-2264905.html,"Cập nhật bảng giá đất nền sổ đỏ Biên Hòa New City, cam kết báo đúng giá thật","Hương Lộ 2, Phước Tân, Biên Hòa, Đồng Nai Lưu tin",~173 nghìn/m2,99m2,Bán đất nền dự án,,,,10m - 15m,,,Sổ hồng,
https://nhadat.cafeland.vn/ban-dat-kinh-doanh-mat-tien-le-hong-phongthi-tran-ngai-giao-chau-duc-2264243.html,"Bán Đất Kinh Doanh Mặt Tiền Lê Hồng Phong,Thị trấn Ngãi Giao, Châu Đức","Lê Hồng Phong, Ngãi Giao, Châu Đức, Bà Rịa - Vũng Tàu Lưu tin",~Thương lượng/m2,2057m2,Bán đất thổ cư,,,,,,,,
https://nhadat.cafeland.vn/cap-nhat-bang-gia-block-mega-dep-nhat-can-ho-the-emerald-68-lien-he-nhan-ck-cao-2266235.html,Cập nhật bảng giá Block MEGA đẹp nhất căn hộ The Emerald 68. Liên hệ nhận CK cao,"Đường Vĩnh Phú 16, Vĩnh Phú, Thuận An, Bình Dương Lưu tin","~1,1 triệu /m2",48m2,Bán căn hộ chung cư,,39 tầng,1.0,30m - 50m,1.0,2 phòng,Sổ hồng,
https://nhadat.cafeland.vn/can-ho-the-emerald-68-mo-ban-052025-lien-he-ngay-de-nhan-chiet-khau-cao-tu-cdt-2265732.html,Căn hộ The Emerald 68 mở bán 05/2025. Liên hệ ngay để nhận chiết khấu cao từ CĐT,"Đường Vĩnh Phú 16, Vĩnh Phú, Thuận An, Bình Dương Lưu tin","~1,1 triệu /m2",48m2,Bán căn hộ chung cư,,37 tầng,1.0,30m - 50m,1.0,2 phòng,Sổ hồng,
https://nhadat.cafeland.vn/biet-thu-bien-rosa-alba-khu-to-hop-5-sao-gia-chi-64-ty-da-coso-hong-rieng-2271054.html,"BIỆT THỰ BIỂN ROSA ALBA KHU TỔ HỢP 5 SAO, GIÁ CHỈ 6.4 TỶ. ĐÃ CÓSỔ HỒNG RIÊNG","Độc Lập, Phường 9, Tuy Hòa, Phú Yên Lưu tin","~29,2 triệu /m2",218.5m2,Bán nhà riêng,,2 tầng,3.0,30m - 50m,1.0,2 phòng,Sổ hồng,
https://nhadat.cafeland.vn/chinh-chu-ban-dat-trung-tam-binh-long-sat-quoc-lo-13-2268821.html,"Chính chủ bán đất trung tâm Bình Long, sát Quốc lộ 13","Hưng Chiến, Bình Long, Bình Phước Lưu tin","~2,4 triệu /m2",175m2,Bán đất thổ cư,,,,,,,,
https://nhadat.cafeland.vn/chuyen-nhuong-can-ho-park-legend-tang-cao-dang-cho-thue-18-trieu-thang-2269686.html,CHUYỂN NHƯỢNG CĂN HỘ PARK LEGEND TẦNG CAO - ĐANG CHO THUÊ 18 TRIỆU/ THÁNG,"02 , Phạm Văn Hai, Phường 2, Quận Tân Bình, TP. Hồ Chí Minh Lưu tin","~84,7 triệu /m2",70.6m2,Bán căn hộ chung cư,Tây Bắc,18 tầng,2.0,,1.0,2 phòng,Giấy tờ hợp lệ,
https://nhadat.cafeland.vn/can-ho-mat-tien-tret-giua-trung-tam-quan-tan-binh-duong-ni-su-huynh-lien-2268914.html,CĂN HỘ MẶT TIỀN TRỆT – GIỮA TRUNG TÂM QUẬN TÂN BÌNH - ĐƯỜNG NI SƯ HUỲNH LIÊN,"Ni Sư Huỳnh Liên, Phường 10, Quận Tân Bình, TP. Hồ Chí Minh Lưu tin","~86,6 triệu /m2",80.6m2,Bán căn hộ chung cư,,1 tầng,2.0,,1.0,2 phòng,Sổ hồng,
https://nhadat.cafeland.vn/hqc-hoc-mon-70m2-gia-1450-ty-can-2pn2wcban-cong-2265664.html,"HQC HÓC MÔN 70m2 Gía 1.450 tỷ CĂN 2PN,2WC,BAN CÔNG","Xuân Thới Đông, Huyện Hóc Môn , TP. Hồ Chí Minh Lưu tin","~20,7 triệu /m2",70m2,Bán căn hộ chung cư,,,,,,,,
https://nhadat.cafeland.vn/thanh-ly-3-suat-blue-sky-tower-q2-dt-59m2-gia-1950-trieuso-huu-lau-dai-2265826.html,"Thanh lý 3 suất Blue Sky Tower - Q2, DT 59m2 giá 1.950 triệu.Sở hữu lâu dài","Đường Số 63, Bình Trưng Đông, Quận 2, TP. Hồ Chí Minh Lưu tin","~33,5 triệu /m2",59m2,Bán căn hộ chung cư,,,2.0,,1.0,2 phòng,,
https://nhadat.cafeland.vn/chinh-chu-ban-can-ho-gia-1-ty-250-trieu-tai-hqc-hoc-mon65m22pn2tolet-2180429.html,"Chính chủ bán căn hộ giá 1 tỷ 250 triệu tại HQC Hóc Môn,65m2,2pn,2tolet","Nguyễn Thị Sóc, Nguyễn Thị Sóc, Xuân Thới Đông, Huyện Hóc Môn , TP. Hồ Chí Minh Lưu tin","~19,2 triệu /m2",65m2,Bán căn hộ chung cư,,,2.0,,1.0,2 phòng,,
https://nhadat.cafeland.vn/ban-nen-biet-thu-goldenbay-d17-13-07-dien-tich-216m2-canh-ho-danh-vong-2270135.html,Bán nền Biệt Thư Goldenbay D17-13-07 diện tích 216m2 cạnh hồ danh vọng,"Nguyễn Tất Thành, Cam Nghĩa, Cam Ranh, Khánh Hòa Lưu tin",~129 nghìn/m2,216m2,Bán đất nền dự án,,,,,,,,
https://nhadat.cafeland.vn/toi-can-ban-can-ho-toa-light-b-arena-cam-ranh-tang-7-view-bien-nha-moi-100-2245400.html,"Tôi cần bán căn hộ Tòa Light B Arena Cam Ranh tầng 7 view biển , nhà mới 100%","Nguyễn Tất Thành, Cam Lập, Cam Ranh, Khánh Hòa Lưu tin","~22,4 triệu /m2",37m2,Bán căn hộ chung cư,,,,,,,,
https://nhadat.cafeland.vn/dat-chinh-chu-100mv-ngay-trung-tam-can-duoc-can-sang-nhuong-2271052.html,ĐẤT CHÍNH CHỦ 100Mv NGAY TRUNG TÂM CẦN ĐƯỚC CẦN SANG NHƯỢNG,"Trương Định, TT. Cần Đước, Cần Đước, Long An Lưu tin","~14,5 triệu /m2",100m2,Bán đất thổ cư,Tây,,,7m,,,Sổ hồng,
https://nhadat.cafeland.vn/ban-can-ho-view-song-dong-nai-bank-70-an-han-goc-36t-lai-24t-2pn-65m2-75m2-2264734.html,BÁN CĂN HỘ VIEW SÔNG ĐỒNG NAI - BANK 70% ÂN HẠN GỐC 36T LÃI 24T - 2PN 65M2 75M2,"DT743A, Bình Thắng, Dĩ An, Bình Dương Lưu tin","~43,7 triệu /m2",65m2,Bán căn hộ chung cư,Không xác định,,2.0,20m - 30m,1.0,2 phòng,Sổ hồng,
https://nhadat.cafeland.vn/eco-retreat-ra-mat-khu-do-thi-tam-rung-tri-lieu-dau-tien-tai-tphcm-nsl-eco-park-2263801.html,ECO RETREAT RA MẮT KHU ĐÔ THỊ TẮM RỪNG TRỊ LIỆU ĐẦU TIÊN TẠI TPHCM- NSL ECO PARK,"Đường nguyễn hữu trí, Thanh Phú, Bến Lức, Long An Lưu tin","~84,2 triệu /m2",190m2,Bán biệt thự,,4 tầng,4.0,20m - 30m,1.0,4 phòng,Sổ hồng,
https://nhadat.cafeland.vn/eco-retreat-rung-tri-lieu-cho-moi-gia-dinh-ra-mat-villa-shophoues-gd1-2265458.html,ECO RETREAT- RỪNG TRỊ LIỆU CHO MỖI GIA ĐÌNH - RA MẮT VILLA - SHOPHOUES GĐ1,"Đường nguyễn hữu trí, Thanh Phú, Bến Lức, Long An Lưu tin",~105 triệu/m2,190m2,Bán biệt thự,Không xác định,2 tầng,3.0,15m - 20m,1.0,3 phòng,Sổ hồng,
https://nhadat.cafeland.vn/em-manh-ban-gap-lo-dat-ngop-cty-mt-dso-21b-btri-dong-b-binh-tan-116m2-2271048.html,"Em Mạnh bán gấp lô đất ngộp cty Mt Đ.Số 21B ,BTrị Đông B , Bình Tân 116m2","Đường Số 21B, Bình Trị Đông B, Quận Bình Tân, TP. Hồ Chí Minh Lưu tin","~11,6 triệu /m2",116m2,Bán đất thổ cư,,,,,,,,
https://nhadat.cafeland.vn/ban-dat-nen-phan-lo-du-an-ca-na-new-city-ninh-thuan-2270975.html,Bán đất nền phân lô dự án Cà Ná New City Ninh Thuận,"Cà Ná, Thuận Nam, Ninh Thuận Lưu tin",,,Bán nhà phố dự án,,,,,,,,
https://nhadat.cafeland.vn/ket-tien-ban-nhanh-lo-dat-mat-tien-gan-quoc-lo-22-dien-tich-84m2-so-hong-rieng-2271047.html,"Kẹt Tiền bán nhanh lô đất măt tiền gần Quốc Lộ 22, Diện tich 84m2, Sổ hồng riêng","Thái Mỹ, Huyện Củ Chi, TP. Hồ Chí Minh Lưu tin",~5 triệu /m2,84m2,Bán đất thổ cư,,,,,,,Sổ hồng,
https://nhadat.cafeland.vn/dat-full-tho-cu-ngoai-o-da-lat-sat-doi-thong-so-san-cong-chung-ngay-2266234.html,Đất full thổ cư Ngoại Ô Đà Lạt - Sát đồi thông. Sổ sẵn công chứng ngay,"Gia Lâm, Lâm Hà, Lâm Đồng Lưu tin",~7 triệu /m2,546m2,Bán đất thổ cư,,,,10m - 15m,,,Sổ hồng,
https://nhadat.cafeland.vn/doc-quyen-quy-hang-dep-sun-urban-city-ha-nam-can-goc-mat-ho-xe-khe-2261571.html,"Độc quyền quỹ hàng đẹp Sun Urban City Hà Nam Căn góc, mặt hồ, xẻ khe","Lam Hạ, Phủ Lý, Hà Nam Lưu tin",~108 triệu/m2,60m2,Bán nhà phố dự án,,,,,1.0,5 phòng,Sổ hồng,
https://nhadat.cafeland.vn/ban-khach-san-mini-25-phong-tai-trung-tam-cat-ba-bai-tam-dep-nhat-cat-ba-2260667.html,"Bán khách sạn mini 25 phòng tại trung tâm Cát Bà, bãi tắm đẹp nhất Cát Bà","1/4, Thị trấn Cát Bà, Cát Hải, TP. Hải Phòng Lưu tin",~138 triệu/m2,180m2,Bán nhà hàng - Khách sạn,,,,,,,,
https://nhadat.cafeland.vn/toi-can-ban-can-khach-san-gan-quang-truong-cong-vien-sun-world-loi-di-ra-bien-2117706.html,"Tôi cần bán căn khách sạn gần quảng trường, công viên Sun World lối đi ra biển","Thị trấn Cát Bà, Cát Hải, TP. Hải Phòng Lưu tin",~185 triệu/m2,135m2,Bán nhà hàng - Khách sạn,Tây Nam,5 tầng,18.0,20m - 30m,,18 phòng,,
https://nhadat.cafeland.vn/ban-shophouse-view-dep-tai-quoc-lo-1a-62-ty-5-tang-co-ham-phu-ly-ha-nam-2261092.html,"Bán shophouse view đẹp tại Quốc lộ 1A, 6,2 tỷ, 5 tầng, có hầm, Phủ Lý, Hà Nam","Lam Hạ, Phủ Lý, Hà Nam Lưu tin",~103 triệu/m2,60m2,Bán nhà riêng,,,,,,,,
https://nhadat.cafeland.vn/ban-khach-san-mat-bien-du-an-sun-cat-ba-hai-phong-chiet-khau-khung-2261048.html,Bán khách sạn mặt biển dự án Sun Cát Bà Hải Phòng - chiết khấu khủng,"Thị trấn Cát Bà, Cát Hải, TP. Hải Phòng Lưu tin",~196 triệu/m2,135m2,Bán nhà hàng - Khách sạn,,,,,,,,
https://nhadat.cafeland.vn/ban-nha-2-mat-tien-kinh-doanh-duong-phan-dinh-phung-so-hong-101m2-gia-125-ty-2255448.html,"Bán nhà 2 mặt tiền kinh doanh đường Phan Đình Phùng sổ hồng 101m2 giá 12,5 tỷ","Phan Đình Phùng, Thanh Bình, Biên Hòa, Đồng Nai Lưu tin",~123 triệu/m2,101m2,Bán nhà phố dự án,,,,,,,,
https://nhadat.cafeland.vn/nha-ban-duong-phan-trung-cho-thue-hon-12-tynam-1-tret-2-lau-233m2-gia-35-ty-2259511.html,Nhà bán đường Phan Trung cho thuê hơn 1.2 tỷ/năm; 1 trệt 2 lầu 233m2 giá 35 tỷ,"Phan Trung, Tân Mai, Biên Hòa, Đồng Nai Lưu tin",~150 triệu/m2,233m2,Bán nhà hàng - Khách sạn,,,,,,,,
https://nhadat.cafeland.vn/ban-dat-sau-tt-hanh-chinh-cong-tinh-dong-nai-phuong-tan-tien-so-hong-500m2-2251192.html,Bán đất sau TT hành chính công tỉnh Đồng Nai phường Tân Tiến sổ hồng 500m2,"Phan Trung, Tân Tiến, Biên Hòa, Đồng Nai Lưu tin",~38 triệu /m2,500m2,Bán đất thổ cư,,,,,,,,
https://nhadat.cafeland.vn/ban-nha-hem-kinh-doanh-gan-duong-dong-khoi-ngay-cay-xang-25-shr-167m2-gia-10-ty-2256908.html,Bán nhà hẻm kinh doanh gần đường Đồng Khởi ngay cây xăng 25 SHR 167m2 giá 10 tỷ,"Đồng Khởi, Tân Hiệp, Biên Hòa, Đồng Nai Lưu tin","~59,8 triệu /m2",167m2,Bán nhà riêng,Tây,1 tầng,3.0,10m - 15m,2.0,4 phòng,Sổ hồng,
https://nhadat.cafeland.vn/ban-dat-gan-nga-tu-tan-phong-cach-duong-nguyen-ai-quoc-200m-259m2-gia-chi-85t-2265251.html,Bán đất gần ngã tư Tân Phong cách đường Nguyễn Ái Quốc 200m; 259m2 giá chỉ 8.5T,"Hẻm Đường Nguyễn Ái Quốc, Trảng Dài, Biên Hòa, Đồng Nai Lưu tin","~32,8 triệu /m2",259m2,Bán đất thổ cư,,,,,,,,
https://nhadat.cafeland.vn/ban-dat-duong-ven-song-dong-nai-ke-ben-di-tich-nha-doc-phu-thanh-so-hong-1164m2-2263206.html,Bán đất đường ven sông Đồng Nai kế bên di tích Nhà Đốc Phủ Thanh sổ hồng 1164m2,"Huỳnh Văn Nghệ, Bửu Long, Biên Hòa, Đồng Nai Lưu tin","~49,8 triệu /m2",1164m2,Bán đất thổ cư,Tây Bắc,,,30m - 50m,,,Sổ hồng,
https://nhadat.cafeland.vn/ban-can-ho-ngay-trung-tam-binh-duong-gia-sieu-re-2271045.html,Bán căn hộ ngay trung tâm Bình Dương Giá siêu rẻ,"Nguyễn Du, Bình Hoà, Thuận An, Bình Dương Lưu tin",~755 nghìn/m2,45m2,Bán căn hộ chung cư,,,,,,,,
https://nhadat.cafeland.vn/chi-can-von-20-so-huu-ngay-can-ho-the-felix-vi-tri-dep-tra-gop-chi-39trth-2270799.html,Chỉ cần vốn 20% sở hữu ngay căn hộ The Felix vị trí đẹp - trả góp chỉ 3.9tr/th,"Bình Hoà, Thuận An, Bình Dương Lưu tin",~Thương lượng/m2,45m2,Bán căn hộ chung cư,,,1.0,,1.0,1 phòng,,
https://nhadat.cafeland.vn/parasol-cam-ranh-nha-pho-108m2-chi-hon-45-ty-vi-tri-dep-gia-cuc-tot-2271036.html,"ParaSol Cam Ranh - Nhà phố 108m² chỉ hơn 4.5 tỷ, vị trí đẹp, giá cực tốt","Cam Nghĩa, Cam Ranh, Khánh Hòa Lưu tin","~42,4 triệu /m2",108m2,Bán nhà phố dự án,,,,,,,,
https://nhadat.cafeland.vn/ban-nha-mat-tien-quan-6-ban-gap-chia-tai-san-btct-3-tang-kien-co-12-t-2262073.html,Bán nhà mặt tiền quận 6 - Bán gấp chia tài sản BTCT 3 tầng kiên cố 12 T,"Bà Hom, Phường 13, Quận 6, TP. Hồ Chí Minh Lưu tin",~150 triệu/m2,80m2,Bán nhà riêng,,,,,,,,
https://nhadat.cafeland.vn/ban-nha-quan-6-hem-xe-hoi-thong-thoang-btct-ngang-hiem-53m-84-t-2261200.html,Bán nhà quận 6 - Hẻm xe hơi thông thoáng - BTCT ngang hiếm 5.3m - 8.4 T,"Phường 7, Quận 6, TP. Hồ Chí Minh Lưu tin",~129 triệu/m2,65m2,Bán nhà riêng,,,,,,,,
https://nhadat.cafeland.vn/ban-nha-mat-pho-quan-6-khu-hiem-ngang-51m-4-tang-btct-109m2-148-ty-2271042.html,Bán nhà mặt phố quận 6 - Khu hiếm ngang 5.1m - 4 tầng BTCT 109m2 - 14.8 tỷ,"Tân Hòa Đông, Phường 14, Quận 6, TP. Hồ Chí Minh Lưu tin",~202 triệu/m2,73m2,Bán nhà riêng,,,,,,,,
https://nhadat.cafeland.vn/ban-can-2pn-can-ho-elysian-lo-lu-7955m2-hang-cdt-gia-chi-401-ty-2269188.html,"Bán căn 2PN căn hộ Elysian Lò Lu, 79.55m2, hàng CĐT, giá chỉ 4,01 tỷ","170, Lò Lu, Quận 9, TP. Hồ Chí Minh Lưu tin","~50,4 triệu /m2",79.55m2,Bán căn hộ chung cư,,,,,,,,
https://nhadat.cafeland.vn/chuyen-nhuong-10000m2-khu-cong-nghiep-que-vo-3-bac-ninh-2269958.html,Chuyển nhượng 10.000m2 khu công nghiệp Quế Võ 3 – Bắc Ninh,"Quốc lộ 18, Quế Tân, Quế Võ, Bắc Ninh Lưu tin",~450/m2,10000m2,Bán đất nền dự án,,,,,,,,
https://nhadat.cafeland.vn/chinh-chu-rao-ban-nha-tai-duong-le-duan-tuyen-pho-sam-uat-nhat-da-nang-2266922.html,CHÍNH CHỦ RAO BÁN NHÀ TẠI ĐƯỜNG LÊ DUẨN - TUYẾN PHỐ SẦM UẤT NHẤT ĐÀ NẴNG,"K241/1, Lê Duẩn, Tân Chính, Thanh Khê, TP. Đà Nẵng Lưu tin",~175 triệu/m2,108.3m2,Bán nhà riêng,Đông Nam,3 tầng,3.0,10m - 15m,1.0,2 phòng,Sổ hồng,
https://nhadat.cafeland.vn/nha-o-xa-hoi-hqc-binh-trung-dong-can-67m2-gia-24-ty-tang-thap-1713155.html,Nhà ở xã hội HQC BÌNH TRƯNG ĐÔNG Căn 67m2 giá 2.4 tỷ tầng thấp,"Bình Trưng Đông, Quận 2, TP. Hồ Chí Minh Lưu tin","~35,2 triệu /m2",68m2,Bán căn hộ chung cư,,4 tầng,2.0,,1.0,2 phòng,Hợp đồng,
https://nhadat.cafeland.vn/can-ban-4700m2-dat-co-1900m2-tho-tai-can-giuoc-long-an-2263290.html,"Cần bán 4700m2 đất có 1900m2 thổ tại Cần Giuộc, Long An","830, Long An, Cần Giuộc, Long An Lưu tin","~3,6 triệu /m2",4700m2,Bán đất thổ cư,,,,,,,,
https://nhadat.cafeland.vn/ban-nha-tret-lung-dien-tich-tai-loc-68m2-gan-kcn-rang-dong-duong-dinh-duc-thien-2271033.html,Bán nhà trệt lững diện tích tài lộc 68m2 gần kcn rạng đông đường đinh đức thiện,"Đinh Đức Thiện, Tân Quý Tây, Huyện Bình Chánh, TP. Hồ Chí Minh Lưu tin",~Thương lượng/m2,68m2,Bán nhà riêng,,,,,,,,
https://nhadat.cafeland.vn/co-102-mo-ban-quy-can-vip-lien-ke-biet-thu-du-an-sun-urban-city-ha-nam-2261046.html,Có 102 - Mở Bán Quỹ Căn Vip Liền Kề + Biệt Thự dự án Sun Urban City Hà Nam,"Lam Hạ, Phủ Lý, Hà Nam Lưu tin",~101 triệu/m2,56m2,Bán biệt thự,,,,,,,,
https://nhadat.cafeland.vn/ban-bt-dep-xuat-sac-gan-bo-ngoai-giao-38-ty-143m2-5pn-5wc-2265195.html,"Bán BT đẹp xuất sắc gần Bộ Ngoại Giao, 38 tỷ, 143m2, 5PN, 5WC","Mỹ Đình 2, Nam Từ Liêm, Hà Nội Lưu tin",~265 triệu/m2,143m2,Bán biệt thự,,,,,,,,
https://nhadat.cafeland.vn/ban-can-ho-lien-ke-global-lakeview-trung-tam-q2-pbinh-trung-dong-19-ty-2265922.html,"Bán căn hộ liền kế Global, Lakeview. Trung tâm Q2, P.Bình Trưng Đông, 1,9 tỷ","Đường Số 63, Bình Trưng Đông, Quận 2, TP. Hồ Chí Minh Lưu tin","~32,2 triệu /m2",59m2,Bán căn hộ chung cư,,,,,,,,
https://nhadat.cafeland.vn/ban-nha-7-tang-moi-xay-mat-pho-dai-linh-2268773.html,Bán nhà 7 tầng mới xây mặt phố Đại Linh,"Trung Liệt, Trung Liệt, Đống Đa, Hà Nội Lưu tin",~352 triệu/m2,62.5m2,Bán nhà riêng,,7 tầng,11.0,6m,11.0,11 phòng,Sổ hồng,
https://nhadat.cafeland.vn/biet-thu-song-lap-hang-sang-co-ham-gan-cong-vien-phung-khoang-2269017.html,Biệt thự song lập hạng sang có hầm gần Công viên Phùng Khoang,"Trung Văn, Nam Từ Liêm, Hà Nội Lưu tin",~265 triệu/m2,162m2,Bán biệt thự,,,,,,,,
https://nhadat.cafeland.vn/quan-12-ban-nha-c4-hem-275-ha-huy-giap-dt-4x16m-1-lung-61m2-2270755.html,QUẬN 12 - BÁN NHÀ C4 HẺM 275 HÀ HUY GIÁP DT 4x16m 1 LỮNG 61m2,"hẻm 275, Đường Hà Huy Giáp, Thạnh Lộc, Quận 12, TP. Hồ Chí Minh Lưu tin","~56,5 triệu /m2",61m2,Bán nhà riêng,Đông Nam,1 tầng,1.0,5m,1.0,3 phòng,Sổ hồng,
https://nhadat.cafeland.vn/go-vap-ban-dat-mat-tien-pham-huy-thong-dt-5x182m-gan-song-2268157.html,"GÒ VẤP, BÁN ĐẤT MẶT TIỀN PHẠM HUY THÔNG DT 5x18.2m, GẦN SÔNG.","Phạm Huy Thông, Phường 6, Quận Gò Vấp, TP. Hồ Chí Minh Lưu tin",,91m2,Bán đất thổ cư,Đông Nam,,,10m - 15m,,,Sổ hồng,
https://nhadat.cafeland.vn/quan-03-ban-nha-cu-xa-do-thanh-1-tret-1-lau-duong-so-4-chi-72-ty-2267303.html,"QUẬN 03, BÁN NHÀ CƯ XÁ ĐÔ THÀNH, 1 TRỆT 1 LẦU ĐƯỜNG SỐ 4, CHỈ 7.2 TỶ (Tin Hết Hạn)","Đường 4 Cư xá Đô Thành, Phường 4, Quận 3, TP. Hồ Chí Minh Lưu tin","~64,8 triệu /m2",111m2,Bán nhà riêng,Tây Nam,2 tầng,3.0,3m,1.0,3 phòng,Sổ hồng,
https://nhadat.cafeland.vn/go-vap-ban-760m2-dat-mat-tien-ven-song-vam-thuat-dt-135x56m-2268464.html,"GÒ VẤP, BÁN 760M2 ĐẤT MẶT TIỀN VEN SÔNG VÀM THUẬT, DT 13.5x56M","Trần Bá Giao, Phường 5, Quận Gò Vấp, TP. Hồ Chí Minh Lưu tin","~98,6 triệu /m2",760m2,Bán đất thổ cư,Đông,,,20m - 30m,,,Sổ hồng,
https://nhadat.cafeland.vn/go-vap-ban-toa-nha-dv-pham-huy-thong-p7-khu-dong-bo-2268090.html,,,,,,,,,,,,,
https://nhadat.cafeland.vn/tan-binh-ban-kho-xuong-phan-huy-ich-dt-10x40m-gia-32-ty-2268216.html,"TÂN BÌNH, BÁN KHO XƯỞNG PHAN HUY ÍCH, DT 10x40m, GIÁ 32 TỶ","Phan Huy Ích, Phường 15, Quận Tân Bình, TP. Hồ Chí Minh Lưu tin","~81,6 triệu /m2",392m2,"Bán kho, nhà xưởng",Tây,,1.0,10m,1.0,2 phòng,Sổ hồng,
https://nhadat.cafeland.vn/chinh-chu-ban-dat-gia-re-tai-thon-phuc-thi-xa-viet-dan-dong-trieu-quang-ninh-2271024.html,"Chính chủ bán đất giá rẻ tại Thôn Phúc, Thị Xã Việt Dân, Đông Triều, Quảng Ninh","Việt Dân, Đông Triều, Quảng Ninh Lưu tin",,2235m2,Bán đất thổ cư,,,,,,,,
https://nhadat.cafeland.vn/ban-dat-mat-tien-nhua-2018m2-ngang-70m-20m-ra-duong-song-hanh-hoc-mon-2265425.html,"BÁN ĐẤT MẶT TIỀN NHỰA 2018m2 ngang 70m – 20m Ra ĐƯỜNG SONG HÀNH, HÓC MÔN","Song Hành, Tân Hiệp, Huyện Hóc Môn , TP. Hồ Chí Minh Lưu tin","~14,8 triệu /m2",2018m2,Bán đất thổ cư,,,,8m,,,Sổ hồng,
https://nhadat.cafeland.vn/ban-gap-2-day-tro-157m2-xe-hoi-dau-cua-vi-tri-dac-dia-ngay-to-ky-9-phong-2268922.html,"BÁN GẤP 2 DÃY TRỌ 157m2 XE HƠI ĐẬU CỬA, VỊ TRÍ ĐẮC ĐỊA NGAY TÔ KÝ - 9 Phòng","ẤP mỹ huề, Trung Chánh, Huyện Hóc Môn , TP. Hồ Chí Minh Lưu tin","~43,3 triệu /m2",157m2,Bán nhà riêng,,2 tầng,9.0,4m,9.0,9 phòng,Sổ hồng,
https://nhadat.cafeland.vn/ban-can-ho-dich-vu-hem-xe-hoi-8m-cong-hoa-p4-tan-binh-12pn-moi-du-giay-phep-2270200.html,"BÁN CĂN HỘ DỊCH VỤ HẺM XE HƠI 8m Cộng Hoà, P4 Tân Bình. 12PN mới đủ giấy phép.","Cộng Hòa, Phường 4, Quận Tân Bình, TP. Hồ Chí Minh Lưu tin",~226 triệu/m2,64m2,"Bán căn hộ Mini, Dịch vụ",,5 tầng,12.0,8m,1.0,12 phòng,Sổ hồng,
https://nhadat.cafeland.vn/ban-dat-dau-tu-va-kinh-doanh-tai-thi-tran-can-duoc-2271018.html,Bán đất đầu tư và kinh doanh tại thị trấn Cần Đước,"TT. Cần Đước, Cần Đước, Long An Lưu tin","~19,3 triệu /m2",105.8m2,Bán đất thổ cư,,,,,,,,
https://nhadat.cafeland.vn/22sao-2249m-2mt-nhuadt-756ql14-vaogia-890trsoshrnha-hien-huu-2263262.html,"(2,2Sào 2,249m) 2MT Nhựa,DT 756,QL14 Vào,Giá 890TR/Sổ,SHR,Nhà Hiện Hữu (Tin Hết Hạn)","Quang Minh, Chơn Thành, Bình Phước Lưu tin",~395 nghìn/m2,2249m2,Bán đất thổ cư,,,,,,,,
https://nhadat.cafeland.vn/ban-can-ho-114m2-o-tan-kien-binh-chanh-gia-35-ty-da-bao-gom-het-nha-moi-2270756.html,"Bán căn hộ 114m2 ở Tân Kiên Bình Chánh giá 3,5 tỷ đã bao gồm hết nhà mới","Huỳnh Bá Chánh, Tân Kiên, Huyện Bình Chánh, TP. Hồ Chí Minh Lưu tin","~30,7 triệu /m2",114m2,Bán căn hộ chung cư,,,,,,,,
https://nhadat.cafeland.vn/conic-boulevard-85m-gia-chi-245-ty-nha-san-o-ngay-ngan-hang-cho-vay-75-2268663.html,"Conic Boulevard 85m giá chỉ 2,45 tỷ nhà sẵn ở ngay ngân hàng cho vay 75%","Huỳnh Bá Chánh, Tân Kiên, Huyện Bình Chánh, TP. Hồ Chí Minh Lưu tin","~28,8 triệu /m2",85m2,Bán căn hộ chung cư,Đông Bắc,15 tầng,2.0,10m,1.0,2 phòng,Sổ hồng,
https://nhadat.cafeland.vn/ban-dat-sau-cho-can-duoc-so-san-cong-chung-ngay-2271016.html,Bán Đất Sau Chợ Cần Đước Sổ Sẵn Công Chứng Ngay,"Trương Định, TT. Cần Đước, Cần Đước, Long An Lưu tin",~187 nghìn/m2,80m2,Bán đất thổ cư,,,,,,,,
https://nhadat.cafeland.vn/chi-voi-579-trieu-so-huu-khu-do-thi-alana-city-tp-hcm-don-song-cao-toc-kcn-g-2271015.html,"Chỉ với 579 triệu sở hữu khu đô thị Alana City TP. HCM. Đón sóng Cao tốc, KCN. G","ĐT 741, Phước Hòa, Phú Giáo, Bình Dương Lưu tin",~Thương lượng/m2,80m2,Bán đất nền dự án,,,,,,,,
https://nhadat.cafeland.vn/citymark-residence-dau-tu-thong-minh-sinh-loi-ben-vung-2269966.html,"CITYMARK RESIDENCE: Đầu tư thông minh, Sinh lời bền vững","2, Nguyễn Trãi, Phú Mỹ, Phú Mỹ, Bà Rịa - Vũng Tàu Lưu tin",~756 nghìn/m2,48.9m2,Bán căn hộ chung cư,,,,,,,,
https://nhadat.cafeland.vn/so-huu-ngay-can-ho-cao-cap-chi-voi-800tr-khai-thac-cho-thue-ngay-khi-nhan-nha-2267684.html,Sở Hữu Ngay Căn Hộ Cao Cấp Chỉ Với 800tr - Khai Thác Cho Thuê Ngay Khi Nhận Nhà,"`2, Nguyễn Trãi, Phú Mỹ, Phú Mỹ, Bà Rịa - Vũng Tàu Lưu tin",~Thương lượng/m2,58m2,Bán căn hộ chung cư,,,,,,,,
https://nhadat.cafeland.vn/can-75m2-the-golden-dynasty-so-hong-san-tt-950tr-o-ngay-nha-moi-2270164.html,"Căn 75m2 The Golden Dynasty sổ hồng sẵn, TT 950tr ở ngay, nhà mới","Bình Trị Đông, Quận Bình Tân, TP. Hồ Chí Minh Lưu tin",~42 triệu /m2,75m2,Bán căn hộ chung cư,,,,,,,,
https://nhadat.cafeland.vn/ban-can-62m2-hoang-kim-the-gia-so-hong-san-full-noi-that-2269785.html,"Bán căn 62m2 Hoàng Kim Thế Gia sổ hồng sẵn, full nội thất","Trương Phước Phan, Bình Trị Đông, Quận Bình Tân, TP. Hồ Chí Minh Lưu tin","~43,2 triệu /m2",62m2,Bán căn hộ chung cư,,,,,,,,
https://nhadat.cafeland.vn/ban-shophouse-palmy-biztown-hdb-thanh-tri-81m2-152trm2-2271013.html,Bán shophouse Palmy Biztown – HDB Thanh Trì – 81m² – 152tr/m²,"Đường Phan Trọng Tuệ, Thanh Liệt, Thanh Trì, Hà Nội Lưu tin",~152 triệu/m2,81m2,Bán nhà phố dự án,,,,,,,,
https://nhadat.cafeland.vn/ban-can-ho-cao-cap-thanh-pho-vung-tau-view-bien-nhan-ngay-uu-dai-tu-cdt-2257389.html,"Bán Căn Hộ Cao Cấp Thành Phố Vũng Tàu – View Biển, Nhận Ngay Ưu Đãi Từ CĐT","A 2, Nguyễn Hữu Cảnh, Nguyễn An Ninh, Vũng Tàu, Bà Rịa - Vũng Tàu Lưu tin","~44,8 triệu /m2",87m2,Bán căn hộ chung cư,,,2.0,20m - 30m,1.0,2 phòng,Sổ hồng,
https://nhadat.cafeland.vn/shophouse-thuong-mai-tp-vung-tau-du-an-vung-tau-centre-point-2257438.html,SHOPHOUSE THƯƠNG MẠI TP VŨNG TÀU - DỰ ÁN VUNG TAU CENTRE POINT,"A2, Nguyễn Hữu Cảnh, Nguyễn An Ninh, Vũng Tàu, Bà Rịa - Vũng Tàu Lưu tin","~60,3 triệu /m2",207m2,Bán căn hộ chung cư,,2 tầng,3.0,15m - 20m,1.0,2 phòng,Sổ hồng,
https://nhadat.cafeland.vn/mua-ban-can-ho-chung-cu-cao-cap-thanh-pho-vung-tau-gia-tot-2259295.html,MUA BÁN CĂN HỘ CHUNG CƯ CAO CẤP THÀNH PHỐ VŨNG TÀU GIÁ TỐT,"A2, Đường 2/9, Nguyễn An Ninh, Vũng Tàu, Bà Rịa - Vũng Tàu Lưu tin","~44,8 triệu /m2",87m2,Bán căn hộ chung cư,,,2.0,15m - 20m,1.0,2 phòng,Sổ hồng,
https://nhadat.cafeland.vn/ket-bank-giam-50-ty-con-180-ty-ban-62-ha-gan-san-bay-phan-thiettp-phan-thiet-2268888.html,"Kẹt Bank giảm 50 tỷ còn 180 tỷ bán 62 ha gần sân bay Phan Thiết,TP Phan Thiết.","Đường ven biển, Thiện Nghiệp, Phan Thiết, Bình Thuận Lưu tin",~2 tỷ 885 triệu/m2,62.38m2,Bán đất nền dự án,,,,,,,,
https://nhadat.cafeland.vn/dinh-gia-74-ty-chot-ban-50-ty-nha-mt-nguyen-trai-q1130m2-5-lau-2268885.html,"Định giá 74 tỷ chốt bán 50 tỷ, nhà MT Nguyễn Trãi Q1(130m2) 5 lầu.","Nguyễn Trãi, Nguyễn Cư Trinh, Quận 1, TP. Hồ Chí Minh Lưu tin",~384 triệu/m2,130m2,Bán nhà riêng,,,,,,,,
https://nhadat.cafeland.vn/ban-nha-tran-binh-trong-q103612m4-lau-gia-945-ty-tl-2269392.html,"Bán nhà Trần Bình Trọng - Q.10(3.6×12m)4 lầu, giá 9.45 tỷ TL","Trần Bình Trọng, Phường 1, Quận 10, TP. Hồ Chí Minh Lưu tin",~219 triệu/m2,43m2,Bán nhà riêng,Nam,4 tầng,5.0,5m,1.0,4 phòng,Sổ hồng,
https://nhadat.cafeland.vn/lo-goc-6x15-tho-cu-tra-truoc-20-nhan-dat-xay-nha-tu-do-vi-tri-trung-tam-kcn-2270926.html,,,,,,,,,,,,,
https://nhadat.cafeland.vn/lo-dat-4x20-tho-cu-khu-dan-cu-duong-nhua-gan-khu-cong-nghiep-2270414.html,"LÔ ĐẤT 4x20 thổ cư, khu dân cư đường nhựa gần khu công nghiệp","Xuân Thới Thượng, Huyện Hóc Môn , TP. Hồ Chí Minh Lưu tin","~2,5 triệu /m2",80m2,Bán đất thổ cư,,,,,,,,
https://nhadat.cafeland.vn/villa-6x15-xay-tret-2-lau-kdc-cao-cap-nha-dep-vi-tri-dac-dia-giao-nha-ngay-2270927.html,"VILLA 6x15 xây trệt 2 lầu KDC cao cấp, nhà đẹp, vị trí đắc địa ,giao nhà ngay","ĐT 824, Mỹ Hạnh Nam, Đức Hòa, Long An Lưu tin","~7,7 triệu /m2",90m2,Bán nhà phố dự án,,,,,,,,
https://nhadat.cafeland.vn/ban-can-ho-4-phong-ngu-phu-my-hung-172m2-gia-75-ty-2266728.html,"Bán căn hộ 4 phòng ngủ, Phú Mỹ Hưng, 172m2 , giá 7.5 tỷ","Tân Phong, Quận 7, TP. Hồ Chí Minh Lưu tin","~43,6 triệu /m2",172m2,Bán căn hộ chung cư,,,4.0,,1.0,4 phòng,Sổ hồng,
https://nhadat.cafeland.vn/ban-biet-thu-flc-sam-son-162-m2-gia-12-8-ty-2266833.html,"BÁN BIỆT THỰ FLC SẦM SƠN, 162 M2 , GIÁ 12 .8 TỶ","Hồ Xuân Hương, Quảng Cư, Sầm Sơn, Thanh Hóa Lưu tin","~79,1 triệu /m2",162m2,Bán biệt thự,,3 tầng,7.0,20m - 30m,1.0,7 phòng,Sổ hồng,
https://nhadat.cafeland.vn/dat-nen-du-an-van-phat-hung-phu-xuan-nha-be-duong-20-m-gia-56-trieum2-2269028.html,"Đất nền dự án Vạn Phát Hưng - Phú Xuân Nhà Bè đường 20 m, giá 56 triệu/m2","Huỳnh Tấn Phát, Phú Xuân, Huyện Nhà Bè, TP. Hồ Chí Minh Lưu tin",~405 nghìn/m2,138m2,Bán đất nền dự án,,,,,,,,
https://nhadat.cafeland.vn/mat-tien-ngo-quyen-phuong-8-quan-10-42m2-5-tang-nhinh-16-ty-2269989.html,"Mặt tiền Ngô Quyền phường 8 Quận 10, 42m2, 5 tầng, nhỉnh 16 tỷ","Ngô Quyền, Phường 8, Quận 10, TP. Hồ Chí Minh Lưu tin",~388 triệu/m2,42m2,Bán nhà riêng,,5 tầng,9.0,,1.0,9 phòng,Sổ hồng,
https://nhadat.cafeland.vn/vip-toa-nha-van-phong-nguyen-gia-tri-p25-binh-thanh-240m2-120-ty-tl-2266688.html,VIP TÒA NHÀ VĂN PHÒNG NGUYỄN GIA TRÍ- P25- BÌNH THẠNH- 240M2- 120 TỶ TL,"Nguyễn Gia Trí, Phường 25, Bình Thạnh, TP. Hồ Chí Minh Lưu tin",~500 triệu/m2,240m2,Bán nhà riêng,,6 tầng,,10m,,,Sổ hồng,
https://nhadat.cafeland.vn/chdv-4-tang-7pn-392-m2-hem-xe-hoi-6m-nguyen-trai-chi-94-ty-2263195.html,"CHDV 4 tầng 7pn - 39,2 m2 - hẻm xe hơi 6m Nguyễn Trãi. Chỉ 9,4 tỷ","Nguyễn Trãi, Nguyễn Cư Trinh, Quận 1, TP. Hồ Chí Minh Lưu tin",~208 triệu/m2,45m2,Bán nhà riêng,,4 tầng,,,1.0,7 phòng,Sổ hồng,
https://nhadat.cafeland.vn/phu-nhuan-mat-tien-duong-hoa-giay-phuong-7-48m2-4-tang-nhinh-17-ty-2270460.html,"Phú Nhuận Mặt tiền đường Hoa Giấy, phường 7, 48m2, 4 tầng, nhỉnh 17 tỷ","Hoa sữa, Phường 7, Quận Phú Nhuận, TP. Hồ Chí Minh Lưu tin",~364 triệu/m2,48m2,Bán nhà riêng,,4 tầng,4.0,,1.0,4 phòng,Sổ hồng,
https://nhadat.cafeland.vn/quan-3-pham-ngoc-thach-phuong-6-63m2-3-tang-27-ty-thuong-luong-2270300.html,"Quận 3, Phạm Ngọc Thạch, phường 6, 63m2, 3 tầng, 27 tỷ thương lượng","Phạm Ngọc Thạch, Phường Võ Thị Sáu, Quận 3, TP. Hồ Chí Minh Lưu tin",~428 triệu/m2,63m2,Bán nhà riêng,,3 tầng,,,,,Sổ hồng,
https://nhadat.cafeland.vn/quan-11-hem-xe-hoi-doi-cung-phuong-9-32m2-4-tang-4pn-nhinh-5-ty-2269569.html,"Quận 11, Hẻm xe hơi Đội Cung, phường 9, 32m2, 4 tầng, 4PN, nhỉnh 5 tỷ (Tin Hết Hạn)","Đội Cung, Phường 9, Quận 11, TP. Hồ Chí Minh Lưu tin",~178 triệu/m2,32m2,Bán nhà riêng,,4 tầng,3.0,6m,1.0,4 phòng,Sổ hồng,
